ts;status_ein;regel;modus;blocking;pv_w;soc;feedin_w;forecast_morgen_whqm;soll_c;unten;oben;mittig
2026-09-08 06:12:08;AUS;;Keine Regel aktiv;;;;;;;24.6;48.2;42.4
2026-09-08 06:17:13;AUS;;Keine Regel aktiv;;;;;;;24.7;48.2;42.4
2026-09-08 06:22:22;AUS;;Keine Regel aktiv;;;;;;;24.7;48.2;42.3
2026-09-08 06:27:27;AUS;;Keine Regel aktiv;;;;;;;24.7;48.1;42.4
2026-09-08 06:32:36;AUS;;Keine Regel aktiv;;;;;;;24.7;48.1;42.2
2026-09-08 06:37:44;AUS;;Keine Regel aktiv;;;;;;;24.8;48.1;42.2
2026-09-08 06:42:49;AUS;;Keine Regel aktiv;;;;;;;24.8;48.1;42.2
2026-09-08 06:47:58;AUS;;Keine Regel aktiv;;;;;;;24.8;48.1;42.2
2026-09-08 06:53:03;AUS;;Keine Regel aktiv;;;;;;;24.8;48.1;42.1
2026-09-08 06:58:12;AUS;;Keine Regel aktiv;;;;;;;24.8;48.1;42.1
2026-09-08 07:03:19;AUS;;Keine Regel aktiv;;;;;;;24.8;48.1;42.1
2026-09-08 07:08:27;AUS;;Keine Regel aktiv;;;;;;;24.8;48.1;42.1
2026-09-08 07:13:33;AUS;;Keine Regel aktiv;;;;;;;24.8;48.0;42.1
2026-09-08 07:18:42;AUS;;Keine Regel aktiv;;;;;;;24.9;48.0;42.1
2026-09-08 07:23:51;AUS;;Keine Regel aktiv;;;;;;;24.9;48.0;42.0
2026-09-08 07:29:00;AUS;;Keine Regel aktiv;;;;;;;24.9;48.0;41.9
2026-09-08 07:34:09;AUS;;Keine Regel aktiv;;;;;;;24.8;48.0;41.9
2026-09-08 07:39:18;AUS;;Keine Regel aktiv;;;;;;;24.9;47.9;41.9
2026-09-08 07:44:25;AUS;;Keine Regel aktiv;;;;;;;24.9;47.9;41.9
2026-09-08 07:49:33;AUS;;Keine Regel aktiv;;;;;;;24.9;47.9;41.9
2026-09-08 07:54:41;AUS;;Keine Regel aktiv;;;;;;;24.9;47.9;41.9
2026-09-08 07:59:48;AUS;;Keine Regel aktiv;;;;;;;24.9;47.9;41.8
2026-09-08 08:04:56;EIN;Abweichung;Abweichung;;0.0;70.0;0.0;;44.0;25.8;47.9;41.8
2026-09-08 08:10:05;EIN;Abweichung;Abweichung;;0.0;71.0;0.0;;44.0;28.2;47.9;41.8
2026-09-08 08:15:10;EIN;Abweichung;Abweichung;;0.0;71.0;0.0;;44.0;30.3;47.9;41.8
2026-09-08 08:20:18;EIN;Abweichung;Abweichung;;0.0;72.0;0.0;;44.0;32.2;47.9;41.7
2026-09-08 08:25:23;EIN;Abweichung;Abweichung;;0.0;74.0;0.0;;44.0;33.8;47.9;41.6
2026-09-08 08:30:31;EIN;Abweichung;Abweichung;;0.0;75.0;0.0;;44.0;35.2;47.8;41.6
2026-09-08 08:35:40;EIN;Abweichung;Abweichung;;0.0;76.0;0.0;;44.0;36.6;47.8;41.2
2026-09-08 08:40:44;EIN;Abweichung;Abweichung;;0.0;77.0;0.0;;44.0;37.8;47.8;40.8
2026-09-08 08:45:52;EIN;Abweichung;Abweichung;;0.0;78.0;0.0;;44.0;38.9;47.8;40.8
2026-09-08 08:50:58;AUS;;Keine Regel aktiv;;0.0;79.0;0.0;;44.0;39.4;47.8;41.0
2026-09-08 08:56:06;AUS;;Keine Regel aktiv;;0.0;81.0;0.0;;44.0;39.2;47.8;41.1
2026-09-08 09:01:15;EIN;;Keine Regel aktiv;Keine Regel aktiv, warte auf Mindestlaufzeit (noch 12m);0.0;83.0;0.0;;44.0;39.2;47.8;41.1
2026-09-08 09:06:23;EIN;;Keine Regel aktiv;Keine Regel aktiv, warte auf Mindestlaufzeit (noch 7m);0.0;84.0;0.0;;44.0;40.4;47.8;41.6
2026-09-08 09:11:28;EIN;;Keine Regel aktiv;Keine Regel aktiv, warte auf Mindestlaufzeit (noch 2m);0.0;86.0;0.0;;44.0;41.4;47.8;42.2
2026-09-08 09:16:36;AUS;Komfort;Komfort;;0.0;88.0;0.0;;44.0;42.1;47.7;42.9
2026-09-08 09:21:46;AUS;AdaptivePV;Keine Regel aktiv;;3255.0;90.0;3255.0;2.0;44.0;41.2;47.7;43.0
2026-09-08 09:26:51;EIN;AdaptivePV;AdaptivePV;;2884.0;90.0;2884.0;2.0;44.0;40.6;47.7;43.1
2026-09-08 09:31:59;EIN;AdaptivePV;AdaptivePV;;2940.0;90.0;2940.0;2.0;44.0;40.0;47.7;43.2
2026-09-08 09:37:07;EIN;AdaptivePV;AdaptivePV;;654.0;90.0;654.0;2.0;44.0;41.9;47.6;43.5
2026-09-08 09:42:12;EIN;AdaptivePV;AdaptivePV;;1526.0;90.0;1526.0;2.0;44.0;43.0;47.6;43.9
2026-09-08 09:47:21;EIN;AdaptivePV;AdaptivePV;;3324.0;90.0;3324.0;2.0;44.0;43.8;47.6;44.5
2026-09-08 09:52:27;EIN;AdaptivePV;AdaptivePV;;3440.0;90.0;3440.0;;44.0;44.5;47.6;45.1
2026-09-08 09:57:36;EIN;AdaptivePV;AdaptivePV;;3857.0;90.0;3857.0;;44.0;45.1;47.6;45.6
2026-09-08 10:02:44;EIN;AdaptivePV;AdaptivePV;;3973.0;90.0;3973.0;;44.0;45.4;47.6;46.1
2026-09-08 10:07:49;EIN;AdaptivePV;AdaptivePV;;4203.0;90.0;4203.0;;44.0;45.9;47.6;46.5
2026-09-08 10:12:58;EIN;AdaptivePV;AdaptivePV;;4363.0;90.0;4363.0;;44.0;46.4;47.5;46.8
2026-09-08 10:18:03;EIN;AdaptivePV;AdaptivePV;;4336.0;90.0;4336.0;;44.0;46.8;47.7;47.2
2026-09-08 10:23:11;EIN;AdaptivePV;AdaptivePV;;4609.0;90.0;4609.0;;44.0;47.2;47.9;47.5
2026-09-08 10:28:19;EIN;AdaptivePV;AdaptivePV;;4779.0;90.0;4779.0;;44.0;47.3;48.2;47.8
2026-09-08 10:33:24;EIN;AdaptivePV;AdaptivePV;;4994.0;90.0;4994.0;;44.0;47.2;48.4;48.1
2026-09-08 10:38:33;EIN;AdaptivePV;AdaptivePV;;5203.0;90.0;5203.0;;44.0;47.6;48.7;48.3
2026-09-08 10:43:38;AUS;Batterie;Batterie;Boiler-Max-Naehe (unten 47.4C, Einschalten erst < 46.0C);5203.0;90.0;5178.0;;44.0;47.4;48.8;48.5
2026-09-08 10:48:47;AUS;Komfort;Komfort;Boiler-Max-Naehe (unten 46.7C, Einschalten erst < 46.0C);5203.0;90.0;5852.0;;44.0;46.7;48.8;48.5
2026-09-08 10:53:56;AUS;Komfort;Komfort;Boiler-Max-Naehe (unten 46.1C, Einschalten erst < 46.0C);5203.0;90.0;6236.0;;44.0;46.1;48.8;48.4
2026-09-08 10:59:03;AUS;Komfort;Komfort;;5203.0;90.0;6381.0;;44.0;45.7;48.8;48.4
2026-09-08 11:04:10;AUS;Komfort;Komfort;;5203.0;90.0;6402.0;;44.0;45.2;48.8;48.4
2026-09-08 11:09:18;EIN;AdaptivePV;AdaptivePV;;6249.0;90.0;6249.0;2.0;44.0;43.9;48.8;48.4
2026-09-08 11:14:23;EIN;AdaptivePV;AdaptivePV;;6401.0;90.0;6401.0;2.0;44.0;43.4;48.8;48.4
2026-09-08 11:19:32;EIN;Einspeisung;AdaptivePV;;6507.0;90.0;6507.0;2.0;44.0;40.2;48.8;48.4
2026-09-08 11:24:38;EIN;Einspeisung;Einspeisung;;6599.0;90.0;6599.0;2.0;44.0;43.1;48.8;48.4
2026-09-08 11:29:47;EIN;Einspeisung;Einspeisung;;6685.0;90.0;6685.0;;44.0;45.6;48.9;48.4
2026-09-08 11:34:55;EIN;Einspeisung;Einspeisung;;6756.0;90.0;6756.0;;44.0;47.2;48.9;48.6
2026-09-08 11:40:01;EIN;AdaptivePV;Einspeisung;;3106.0;90.0;3106.0;;44.0;46.9;49.1;48.8
2026-09-08 11:45:09;EIN;AdaptivePV;AdaptivePV;;4548.0;90.0;4548.0;;44.0;47.2;49.2;48.9
2026-09-08 11:50:14;EIN;Einspeisung;AdaptivePV;;6576.0;90.0;6576.0;;44.0;46.4;49.4;49.0
2026-09-08 11:55:23;EIN;Einspeisung;Einspeisung;;7027.0;90.0;7027.0;;44.0;47.8;49.5;49.1
2026-09-08 12:00:28;AUS;Einspeisung;Einspeisung;Boiler-Max-Naehe (unten 48.0C, Einschalten erst < 46.0C);7027.0;90.0;7673.0;;44.0;48.0;49.6;49.2
2026-09-08 12:05:37;AUS;Einspeisung;Einspeisung;Boiler-Max-Naehe (unten 47.4C, Einschalten erst < 46.0C);7027.0;90.0;7792.0;;44.0;47.4;49.6;49.2
2026-09-08 12:10:45;AUS;Einspeisung;Einspeisung;Boiler-Max-Naehe (unten 46.5C, Einschalten erst < 46.0C);7027.0;90.0;7848.0;;44.0;46.5;49.6;49.2
2026-09-08 12:15:49;EIN;AdaptivePV;Einspeisung;;5051.0;90.0;5051.0;;44.0;46.6;49.6;49.2
2026-09-08 12:20:58;EIN;Einspeisung;Einspeisung;Regel 'Einspeisung' sagt AUS, warte auf Mindestlaufzeit (noc;5051.0;90.0;6803.0;;44.0;48.2;49.8;49.4
2026-09-08 12:26:07;AUS;Einspeisung;Einspeisung;Boiler-Max-Naehe (unten 48.5C, Einschalten erst < 46.0C);5051.0;90.0;6989.0;;44.0;48.5;49.8;49.5
2026-09-08 12:31:12;AUS;Einspeisung;Einspeisung;Boiler-Max-Naehe (unten 48.0C, Einschalten erst < 46.0C);5051.0;90.0;7568.0;;44.0;48.0;49.8;49.5
2026-09-08 12:36:21;AUS;Einspeisung;Einspeisung;Boiler-Max-Naehe (unten 47.4C, Einschalten erst < 46.0C);5051.0;90.0;7568.0;;44.0;47.4;49.8;49.4
2026-09-08 12:41:29;EIN;Einspeisung;Einspeisung;;7568.0;90.0;7568.0;3.0;44.0;41.3;49.8;49.4
2026-09-08 12:46:34;EIN;Einspeisung;Einspeisung;;7421.0;90.0;7421.0;3.0;44.0;39.4;49.8;49.4
2026-09-08 12:51:42;EIN;Einspeisung;Einspeisung;;7499.0;90.0;7499.0;3.0;44.0;42.4;49.8;49.4
2026-09-08 12:56:50;EIN;Einspeisung;Einspeisung;;7608.0;90.0;7608.0;3.0;44.0;42.9;49.8;49.4
2026-09-08 13:01:56;EIN;Einspeisung;Einspeisung;;7541.0;90.0;7541.0;;44.0;45.3;49.8;49.3
2026-09-08 13:07:04;EIN;Einspeisung;Einspeisung;;7597.0;90.0;7597.0;;44.0;47.8;49.9;49.4
2026-09-08 13:12:14;AUS;Einspeisung;Einspeisung;Boiler-Max-Naehe (unten 48.2C, Einschalten erst < 46.0C);7597.0;90.0;7583.0;;44.0;48.2;49.9;49.6
2026-09-08 13:17:19;AUS;Einspeisung;Einspeisung;Boiler-Max-Naehe (unten 47.7C, Einschalten erst < 46.0C);7597.0;90.0;7622.0;;44.0;47.7;49.9;49.6
2026-09-08 13:22:27;AUS;Batterie;Einspeisung;Boiler-Max-Naehe (unten 47.2C, Einschalten erst < 46.0C);7597.0;90.0;5422.0;;44.0;47.2;49.9;49.6
2026-09-08 13:27:35;AUS;Einspeisung;Komfort;Boiler-Max-Naehe (unten 46.6C, Einschalten erst < 46.0C);7597.0;90.0;7566.0;;44.0;46.6;49.9;49.5
2026-09-08 13:32:40;AUS;Einspeisung;Einspeisung;Boiler-Max-Naehe (unten 46.1C, Einschalten erst < 46.0C);7597.0;90.0;7568.0;;44.0;46.1;49.9;49.5
2026-09-08 13:37:49;EIN;Einspeisung;Einspeisung;;7569.0;90.0;7569.0;;44.0;46.1;49.9;49.5
2026-09-08 13:42:55;EIN;Einspeisung;Einspeisung;Regel 'Einspeisung' sagt AUS, warte auf Mindestlaufzeit (noc;7569.0;90.0;7577.0;;44.0;48.4;50.0;49.6
2026-09-08 13:48:08;AUS;Einspeisung;Einspeisung;Boiler-Max-Naehe (unten 48.6C, Einschalten erst < 46.0C);7569.0;90.0;7569.0;;44.0;48.6;50.1;49.7
2026-09-08 13:53:14;AUS;Einspeisung;Einspeisung;Boiler-Max-Naehe (unten 48.1C, Einschalten erst < 46.0C);7569.0;90.0;5957.0;;44.0;48.1;50.0;49.7
2026-09-08 13:58:23;AUS;Batterie;Batterie;Boiler-Max-Naehe (unten 47.6C, Einschalten erst < 46.0C);7569.0;90.0;6245.0;;44.0;47.6;50.1;49.6
2026-09-08 14:03:31;AUS;Batterie;Batterie;Boiler-Max-Naehe (unten 47.1C, Einschalten erst < 46.0C);7569.0;90.0;6145.0;;44.0;47.1;50.1;49.6
2026-09-08 14:08:37;AUS;Einspeisung;Komfort;Boiler-Max-Naehe (unten 46.8C, Einschalten erst < 46.0C);7569.0;90.0;7579.0;;44.0;46.8;50.1;49.6
2026-09-08 14:13:45;AUS;Einspeisung;Einspeisung;Boiler-Max-Naehe (unten 46.4C, Einschalten erst < 46.0C);7569.0;90.0;7569.0;;44.0;46.4;50.0;49.6
2026-09-08 14:18:53;AUS;Einspeisung;Einspeisung;Boiler-Max-Naehe (unten 46.1C, Einschalten erst < 46.0C);7569.0;90.0;7565.0;;44.0;46.1;50.0;49.6
2026-09-08 14:23:59;EIN;Einspeisung;Einspeisung;;7563.0;90.0;7563.0;;44.0;46.4;50.0;49.6
2026-09-08 14:29:08;EIN;Einspeisung;Einspeisung;Regel 'Einspeisung' sagt AUS, warte auf Mindestlaufzeit (noc;7563.0;90.0;7571.0;;44.0;48.6;50.1;49.6
2026-09-08 14:34:16;AUS;Einspeisung;Einspeisung;Boiler-Maximum-Kuehlphase (unten 49.1C, Einschalten erst <= ;7563.0;90.0;7455.0;;44.0;49.1;50.2;49.8
2026-09-08 14:39:21;AUS;Einspeisung;Einspeisung;Boiler-Maximum-Kuehlphase (unten 48.8C, Einschalten erst <= ;7563.0;90.0;7564.0;;44.0;48.8;50.2;49.8
2026-09-08 14:44:30;AUS;Einspeisung;Einspeisung;Boiler-Maximum-Kuehlphase (unten 48.4C, Einschalten erst <= ;7563.0;90.0;7567.0;;44.0;48.4;50.2;49.8
2026-09-08 14:49:34;AUS;Einspeisung;Einspeisung;Boiler-Maximum-Kuehlphase (unten 48.1C, Einschalten erst <= ;7563.0;90.0;7569.0;;44.0;48.1;50.2;49.8
2026-09-08 14:54:43;AUS;Einspeisung;Einspeisung;Boiler-Maximum-Kuehlphase (unten 47.7C, Einschalten erst <= ;7563.0;90.0;7570.0;;44.0;47.7;50.2;49.8
2026-09-08 14:59:52;AUS;Einspeisung;Einspeisung;Boiler-Maximum-Kuehlphase (unten 47.4C, Einschalten erst <= ;7563.0;90.0;7568.0;;44.0;47.4;50.2;49.8
2026-09-08 15:05:01;AUS;Einspeisung;Einspeisung;Boiler-Maximum-Kuehlphase (unten 47.1C, Einschalten erst <= ;7563.0;90.0;7569.0;;44.0;47.1;50.2;49.8
2026-09-08 15:10:07;AUS;Einspeisung;Einspeisung;Boiler-Max-Naehe (unten 46.9C, Einschalten erst < 46.0C);7563.0;90.0;7738.0;;44.0;46.9;50.2;49.8
2026-09-08 15:15:17;AUS;Einspeisung;Einspeisung;Boiler-Max-Naehe (unten 46.6C, Einschalten erst < 46.0C);7563.0;90.0;7520.0;;44.0;46.6;50.1;49.8
2026-09-08 15:20:26;AUS;Komfort;Einspeisung;Boiler-Max-Naehe (unten 46.4C, Einschalten erst < 46.0C);7563.0;90.0;7326.0;;44.0;46.4;50.1;49.7
2026-09-08 15:25:35;AUS;Komfort;Komfort;Boiler-Max-Naehe (unten 46.1C, Einschalten erst < 46.0C);7563.0;90.0;7467.0;;44.0;46.1;50.1;49.7
2026-09-08 15:30:40;AUS;Komfort;Komfort;;7563.0;90.0;7357.0;;44.0;45.9;50.1;49.7
2026-09-08 15:35:50;AUS;Komfort;Komfort;;7563.0;90.0;7269.0;;44.0;45.8;50.1;49.6
2026-09-08 15:41:00;AUS;Komfort;Komfort;;7563.0;90.0;7182.0;;44.0;45.6;50.1;49.7
2026-09-08 15:46:08;AUS;Komfort;Komfort;;7563.0;90.0;7082.0;;44.0;45.4;50.1;49.6
2026-09-08 15:51:17;AUS;Komfort;Komfort;;7563.0;90.0;6952.0;;44.0;45.2;50.1;49.6
2026-09-08 15:56:22;AUS;Komfort;Komfort;;7563.0;90.0;6831.0;;44.0;45.1;50.1;49.6
2026-09-08 16:01:31;EIN;AdaptivePV;Einspeisung;;6059.0;90.0;6059.0;;44.0;45.4;50.1;49.6
2026-09-08 16:06:36;EIN;AdaptivePV;AdaptivePV;;4088.0;90.0;4088.0;;44.0;47.7;50.1;49.6
2026-09-08 16:11:45;AUS;Einspeisung;Einspeisung;Boiler-Max-Naehe (unten 49.0C, Einschalten erst < 46.0C);4088.0;90.0;4519.0;;44.0;49.0;50.1;49.7
2026-09-08 16:16:53;AUS;Einspeisung;Einspeisung;Boiler-Max-Naehe (unten 48.8C, Einschalten erst < 46.0C);4088.0;90.0;5748.0;;44.0;48.8;50.1;49.8
2026-09-08 16:21:58;AUS;Einspeisung;Einspeisung;Boiler-Max-Naehe (unten 48.4C, Einschalten erst < 46.0C);4088.0;90.0;4290.0;;44.0;48.4;50.1;49.8
2026-09-08 16:27:06;AUS;Einspeisung;Einspeisung;Boiler-Max-Naehe (unten 48.1C, Einschalten erst < 46.0C);4088.0;90.0;5849.0;;44.0;48.1;50.1;49.8
2026-09-08 16:32:15;AUS;Batterie;Batterie;Boiler-Max-Naehe (unten 47.8C, Einschalten erst < 46.0C);4088.0;90.0;5746.0;;44.0;47.8;50.1;49.7
2026-09-08 16:37:20;AUS;Batterie;Batterie;Boiler-Max-Naehe (unten 47.6C, Einschalten erst < 46.0C);4088.0;90.0;5561.0;;44.0;47.6;50.1;49.7
2026-09-08 16:42:28;AUS;Batterie;Batterie;Boiler-Max-Naehe (unten 47.3C, Einschalten erst < 46.0C);4088.0;90.0;5423.0;;44.0;47.3;50.1;49.7
2026-09-08 16:47:33;AUS;Batterie;Batterie;Boiler-Max-Naehe (unten 47.0C, Einschalten erst < 46.0C);4088.0;90.0;5215.0;;44.0;47.0;50.1;49.7
2026-09-08 16:52:41;AUS;Komfort;Komfort;Boiler-Max-Naehe (unten 46.8C, Einschalten erst < 46.0C);4088.0;90.0;5006.0;;44.0;46.8;50.1;49.6
2026-09-08 16:57:49;AUS;Komfort;Komfort;Boiler-Max-Naehe (unten 46.6C, Einschalten erst < 46.0C);4088.0;90.0;4837.0;;44.0;46.6;50.1;49.6
2026-09-08 17:02:55;AUS;Komfort;Komfort;Boiler-Max-Naehe (unten 46.4C, Einschalten erst < 46.0C);4088.0;90.0;4675.0;;44.0;46.4;50.0;49.6
2026-09-08 17:08:04;AUS;Komfort;Komfort;Boiler-Max-Naehe (unten 46.2C, Einschalten erst < 46.0C);4088.0;90.0;4500.0;;44.0;46.2;50.1;49.6
2026-09-08 17:13:10;AUS;Komfort;Komfort;Boiler-Max-Naehe (unten 46.1C, Einschalten erst < 46.0C);4088.0;90.0;4323.0;;44.0;46.1;50.1;49.6
2026-09-08 17:18:19;AUS;Komfort;Komfort;;4088.0;90.0;4110.0;;44.0;45.9;50.1;49.6
2026-09-08 17:23:28;AUS;Komfort;Komfort;;4088.0;90.0;3968.0;;44.0;45.8;50.0;49.6
2026-09-08 17:28:33;AUS;Komfort;Komfort;;4088.0;90.0;3805.0;;44.0;45.6;50.0;49.6
2026-09-08 17:33:43;AUS;Komfort;Komfort;;4088.0;90.0;3628.0;;44.0;45.4;50.0;49.5
2026-09-08 17:38:52;AUS;Komfort;Komfort;;4088.0;90.0;3462.0;;44.0;45.2;50.0;49.5
2026-09-08 17:44:01;AUS;Komfort;Komfort;;4088.0;90.0;3288.0;;44.0;45.1;50.0;49.5
2026-09-08 17:49:10;EIN;AdaptivePV;AdaptivePV;;3124.0;89.0;3124.0;;44.0;44.9;49.9;49.5
2026-09-08 17:54:20;EIN;AdaptivePV;AdaptivePV;;2294.0;90.0;2294.0;;44.0;46.7;49.9;49.4
2026-09-08 17:59:30;AUS;Einspeisung;Einspeisung;Boiler-Max-Naehe (unten 48.8C, Einschalten erst < 46.0C);2294.0;90.0;2684.0;;44.0;48.8;50.0;49.6
2026-09-08 18:04:38;AUS;Einspeisung;Einspeisung;Boiler-Max-Naehe (unten 48.8C, Einschalten erst < 46.0C);2294.0;90.0;2565.0;;44.0;48.8;50.0;49.6
2026-09-08 18:09:45;AUS;Einspeisung;Einspeisung;Boiler-Max-Naehe (unten 48.5C, Einschalten erst < 46.0C);2294.0;90.0;2418.0;;44.0;48.5;50.0;49.6
2026-09-08 18:14:53;AUS;Einspeisung;Einspeisung;Boiler-Max-Naehe (unten 48.2C, Einschalten erst < 46.0C);2294.0;90.0;2286.0;;44.0;48.2;49.9;49.6
2026-09-08 18:20:02;AUS;Batterie;Batterie;Boiler-Max-Naehe (unten 47.9C, Einschalten erst < 46.0C);2294.0;90.0;2113.0;;44.0;47.9;50.0;49.6
2026-09-08 18:25:09;AUS;Batterie;Batterie;Boiler-Max-Naehe (unten 47.7C, Einschalten erst < 46.0C);2294.0;90.0;1911.0;;44.0;47.7;50.0;49.6
2026-09-08 18:30:19;AUS;Batterie;Batterie;Boiler-Max-Naehe (unten 47.4C, Einschalten erst < 46.0C);2294.0;90.0;1727.0;;44.0;47.4;50.0;49.6
2026-09-08 18:35:28;AUS;Batterie;Batterie;Boiler-Max-Naehe (unten 47.1C, Einschalten erst < 46.0C);2294.0;90.0;1564.0;;44.0;47.1;50.0;49.5
2026-09-08 18:40:34;AUS;Komfort;Komfort;Boiler-Max-Naehe (unten 46.9C, Einschalten erst < 46.0C);2294.0;90.0;1399.0;;44.0;46.9;49.9;49.5
2026-09-08 18:45:43;AUS;Komfort;Komfort;Boiler-Max-Naehe (unten 46.8C, Einschalten erst < 46.0C);2294.0;90.0;1151.0;;44.0;46.8;49.9;49.5
2026-09-08 18:50:53;AUS;Komfort;Komfort;Boiler-Max-Naehe (unten 46.6C, Einschalten erst < 46.0C);2294.0;90.0;985.0;;44.0;46.6;49.9;49.5
2026-09-08 18:56:01;AUS;Komfort;Komfort;Boiler-Max-Naehe (unten 46.4C, Einschalten erst < 46.0C);2294.0;90.0;90.0;;44.0;46.4;49.9;49.5
2026-09-08 19:01:06;AUS;Abweichung;Abweichung;;2294.0;90.0;90.0;;44.0;45.2;49.9;49.4
2026-09-08 19:06:14;AUS;Abweichung;Abweichung;;2294.0;90.0;90.0;;44.0;44.4;49.9;49.4
2026-09-08 19:11:24;AUS;Abweichung;Abweichung;;2294.0;90.0;90.0;;44.0;44.2;49.9;49.4
2026-09-08 19:16:29;AUS;;Keine Regel aktiv;;2294.0;90.0;90.0;;;43.1;49.9;49.4
2026-09-08 19:21:37;AUS;;Keine Regel aktiv;;2294.0;90.0;90.0;;;42.8;49.9;49.4
2026-09-08 19:26:47;AUS;;Keine Regel aktiv;;2294.0;90.0;90.0;;;42.6;49.9;49.4
2026-09-08 19:31:56;AUS;;Keine Regel aktiv;;2294.0;90.0;90.0;;;42.6;49.9;49.4
2026-09-08 19:37:07;AUS;;Keine Regel aktiv;;2294.0;90.0;90.0;;;42.4;49.9;49.4
2026-09-08 19:42:13;AUS;;Keine Regel aktiv;;2294.0;90.0;90.0;;;42.3;49.9;49.4
2026-09-08 19:47:21;AUS;;Keine Regel aktiv;;2294.0;90.0;90.0;;;42.2;49.8;49.3
2026-09-08 19:52:29;AUS;;Keine Regel aktiv;;2294.0;90.0;90.0;;;42.1;49.8;49.3
2026-09-08 19:57:34;AUS;;Keine Regel aktiv;;2294.0;90.0;90.0;;;42.0;49.8;49.3
2026-09-08 20:02:43;AUS;;Keine Regel aktiv;;2294.0;90.0;90.0;;;41.9;49.8;49.3
2026-09-08 20:07:48;AUS;;Keine Regel aktiv;;2294.0;90.0;90.0;;;41.9;49.8;49.3
2026-09-08 20:12:56;AUS;;Keine Regel aktiv;;2294.0;90.0;90.0;;;41.8;49.8;49.2
2026-09-08 20:18:05;AUS;;Keine Regel aktiv;;2294.0;90.0;90.0;;;41.7;49.8;49.2
2026-09-08 20:23:11;AUS;;Keine Regel aktiv;;2294.0;90.0;90.0;;;41.6;49.8;49.2
2026-09-08 20:28:20;AUS;;Keine Regel aktiv;;2294.0;90.0;90.0;;;41.5;49.8;49.2
2026-09-08 20:33:29;AUS;;Keine Regel aktiv;;2294.0;90.0;90.0;;;41.4;49.8;49.2
2026-09-08 20:38:38;AUS;;Keine Regel aktiv;;2294.0;90.0;90.0;;;41.4;49.8;49.2
2026-09-08 20:43:45;AUS;;Keine Regel aktiv;;2294.0;90.0;90.0;;;41.2;49.7;49.2
2026-09-08 20:48:54;AUS;;Keine Regel aktiv;;2294.0;90.0;90.0;;;41.1;49.7;49.2
2026-09-08 20:54:02;AUS;;Keine Regel aktiv;;2294.0;90.0;90.0;;;40.3;49.7;49.2
2026-09-08 20:59:08;AUS;;Keine Regel aktiv;;2294.0;90.0;90.0;;;40.2;49.7;49.1
2026-09-08 21:04:17;AUS;;Keine Regel aktiv;;2294.0;90.0;90.0;;;38.3;49.7;49.1
2026-09-08 21:09:25;AUS;;Keine Regel aktiv;;2294.0;90.0;90.0;;;28.4;49.6;49.1
2026-09-08 21:14:34;AUS;;Keine Regel aktiv;;2294.0;90.0;90.0;;;26.7;49.6;49.0
2026-09-08 21:19:39;AUS;;Keine Regel aktiv;;2294.0;90.0;90.0;;;26.4;49.6;48.9
2026-09-08 21:24:47;AUS;;Keine Regel aktiv;;2294.0;90.0;90.0;;;26.4;49.6;48.9
2026-09-08 21:29:56;AUS;;Keine Regel aktiv;;2294.0;90.0;90.0;;;26.3;49.6;48.9
2026-09-08 21:35:00;AUS;;Keine Regel aktiv;;2294.0;90.0;90.0;;;26.4;49.6;48.9
2026-09-08 21:40:09;AUS;;Keine Regel aktiv;;2294.0;90.0;90.0;;;26.4;49.6;48.8
2026-09-08 21:45:17;AUS;;Keine Regel aktiv;;2294.0;90.0;90.0;;;26.5;49.6;48.8
2026-09-08 21:50:23;AUS;;Keine Regel aktiv;;2294.0;90.0;90.0;;;26.6;49.6;48.8
2026-09-08 21:55:32;AUS;;Keine Regel aktiv;;2294.0;90.0;90.0;;;26.6;49.6;48.8
2026-09-08 22:00:41;AUS;;Keine Regel aktiv;;2294.0;90.0;90.0;;;26.8;49.5;48.8
2026-09-08 22:05:50;AUS;;Keine Regel aktiv;;2294.0;90.0;90.0;;;26.8;49.5;48.8
2026-09-08 22:10:55;AUS;;Keine Regel aktiv;;2294.0;90.0;90.0;;;26.9;49.5;48.7
2026-09-08 22:16:04;AUS;;Keine Regel aktiv;;2294.0;90.0;90.0;;;26.9;49.5;48.7
2026-09-08 22:21:13;AUS;;Keine Regel aktiv;;2294.0;90.0;90.0;;;26.9;49.5;48.7
2026-09-08 22:26:21;AUS;;Keine Regel aktiv;;2294.0;90.0;90.0;;;27.0;49.4;48.6
2026-09-08 22:31:28;AUS;;Keine Regel aktiv;;2294.0;90.0;90.0;;;27.1;49.4;48.6
2026-09-08 22:36:38;AUS;;Keine Regel aktiv;;2294.0;90.0;90.0;;;27.1;49.4;48.6
2026-09-08 22:41:46;AUS;;Keine Regel aktiv;;2294.0;90.0;90.0;;;27.1;49.4;48.6
2026-09-08 22:46:52;AUS;;Keine Regel aktiv;;2294.0;90.0;90.0;;;27.2;49.4;48.5
2026-09-08 22:52:01;AUS;;Keine Regel aktiv;;2294.0;90.0;90.0;;;27.2;49.4;48.5
2026-09-08 22:57:09;AUS;;Keine Regel aktiv;;2294.0;90.0;90.0;;;27.2;49.4;48.5
2026-09-08 23:02:14;AUS;;Keine Regel aktiv;;2294.0;90.0;90.0;;;27.3;49.4;48.4
2026-09-08 23:07:23;AUS;;Keine Regel aktiv;;2294.0;90.0;90.0;;;27.4;49.4;48.4
2026-09-08 23:12:28;AUS;;Keine Regel aktiv;;2294.0;90.0;90.0;;;27.4;49.4;48.4
2026-09-08 23:17:37;AUS;;Keine Regel aktiv;;2294.0;90.0;90.0;;;27.5;49.3;48.4
2026-09-08 23:22:46;AUS;;Keine Regel aktiv;;2294.0;90.0;90.0;;;27.6;49.4;48.4
2026-09-08 23:27:52;AUS;;Keine Regel aktiv;;2294.0;90.0;90.0;;;27.6;49.3;48.4
2026-09-08 23:33:02;AUS;;Keine Regel aktiv;;2294.0;90.0;90.0;;;27.6;49.3;48.3
2026-09-08 23:38:10;AUS;;Keine Regel aktiv;;2294.0;90.0;90.0;;;27.7;49.2;48.3
2026-09-08 23:43:19;AUS;;Keine Regel aktiv;;2294.0;90.0;90.0;;;27.7;49.2;48.2
2026-09-08 23:48:26;AUS;;Keine Regel aktiv;;2294.0;90.0;90.0;;;27.8;49.2;48.2
2026-09-08 23:53:36;AUS;;Keine Regel aktiv;;2294.0;90.0;90.0;;;27.8;49.2;48.2
2026-09-08 23:58:45;AUS;;Keine Regel aktiv;;2294.0;90.0;90.0;;;27.8;49.2;48.2
2026-09-09 00:03:54;AUS;;Keine Regel aktiv;;2294.0;90.0;90.0;;;27.8;49.2;48.1
2026-09-09 00:09:03;AUS;;Keine Regel aktiv;;2294.0;90.0;90.0;;;27.9;49.2;48.1
2026-09-09 00:14:08;AUS;;Keine Regel aktiv;;2294.0;90.0;90.0;;;27.9;49.2;48.1
2026-09-09 00:19:16;AUS;;Keine Regel aktiv;;2294.0;90.0;90.0;;;27.9;49.2;48.1
2026-09-09 00:24:22;AUS;;Keine Regel aktiv;;2294.0;90.0;90.0;;;28.0;49.2;48.1
2026-09-09 00:29:31;AUS;;Keine Regel aktiv;;2294.0;90.0;90.0;;;28.0;49.1;48.1
2026-09-09 00:34:40;AUS;;Keine Regel aktiv;;2294.0;90.0;90.0;;;28.1;49.1;48.0
2026-09-09 00:39:49;AUS;;Keine Regel aktiv;;2294.0;90.0;90.0;;;28.1;49.1;48.0
2026-09-09 00:44:57;AUS;;Keine Regel aktiv;;2294.0;90.0;90.0;;;28.1;49.1;47.9
2026-09-09 00:50:02;AUS;;Keine Regel aktiv;;2294.0;90.0;90.0;;;28.1;49.1;47.9
2026-09-09 00:55:11;AUS;;Keine Regel aktiv;;2294.0;90.0;90.0;;;28.2;49.1;47.9
2026-09-09 01:00:19;AUS;;Keine Regel aktiv;;2294.0;90.0;90.0;;;28.2;49.1;47.9
2026-09-09 01:05:24;AUS;;Keine Regel aktiv;;2294.0;90.0;90.0;;;28.2;49.1;47.9
2026-09-09 01:10:32;AUS;;Keine Regel aktiv;;2294.0;90.0;90.0;;;28.2;49.0;47.8
2026-09-09 01:15:37;AUS;;Keine Regel aktiv;;2294.0;90.0;90.0;;;28.3;49.1;47.8
2026-09-09 01:20:46;AUS;;Keine Regel aktiv;;2294.0;90.0;90.0;;;28.3;49.0;47.8
2026-09-09 01:25:55;AUS;;Keine Regel aktiv;;2294.0;90.0;90.0;;;28.3;49.0;47.8
2026-09-09 01:31:01;AUS;;Keine Regel aktiv;;2294.0;90.0;90.0;;;28.3;49.0;47.8
2026-09-09 01:36:09;AUS;;Keine Regel aktiv;;2294.0;90.0;90.0;;;28.4;49.0;47.7
2026-09-09 01:41:18;AUS;;Keine Regel aktiv;;2294.0;90.0;90.0;;;28.4;49.0;47.7
2026-09-09 01:46:23;AUS;;Keine Regel aktiv;;2294.0;90.0;90.0;;;28.4;49.0;47.6
2026-09-09 01:51:32;AUS;;Keine Regel aktiv;;2294.0;90.0;90.0;;;28.4;48.9;47.6
2026-09-09 01:56:41;AUS;;Keine Regel aktiv;;2294.0;90.0;90.0;;;28.4;48.9;47.6
2026-09-09 02:01:50;AUS;;Keine Regel aktiv;;2294.0;90.0;90.0;;;28.5;48.9;47.6
2026-09-09 02:06:55;AUS;;Keine Regel aktiv;;2294.0;90.0;90.0;;;28.5;48.9;47.6
2026-09-09 02:12:03;AUS;;Keine Regel aktiv;;2294.0;90.0;90.0;;;28.6;48.9;47.5
2026-09-09 02:17:11;AUS;;Keine Regel aktiv;;2294.0;90.0;90.0;;;28.6;48.9;47.5
2026-09-09 02:22:16;AUS;;Keine Regel aktiv;;2294.0;90.0;90.0;;;28.6;48.9;47.4
2026-09-09 02:27:24;AUS;;Keine Regel aktiv;;2294.0;90.0;90.0;;;28.6;48.9;47.4
2026-09-09 02:32:33;AUS;;Keine Regel aktiv;;2294.0;90.0;90.0;;;28.6;48.9;47.4
2026-09-09 02:37:38;AUS;;Keine Regel aktiv;;2294.0;90.0;90.0;;;28.6;48.8;47.4
2026-09-09 02:42:46;AUS;;Keine Regel aktiv;;2294.0;90.0;90.0;;;28.6;48.8;47.4
2026-09-09 02:47:51;AUS;;Keine Regel aktiv;;2294.0;90.0;90.0;;;28.7;48.8;47.3
2026-09-09 02:52:59;AUS;;Keine Regel aktiv;;2294.0;90.0;90.0;;;28.7;48.8;47.3
2026-09-09 02:58:07;AUS;;Keine Regel aktiv;;2294.0;90.0;90.0;;;28.8;48.8;47.2
2026-09-09 03:03:12;AUS;;Keine Regel aktiv;;2294.0;90.0;90.0;;;28.8;48.8;47.2
2026-09-09 03:08:20;AUS;;Keine Regel aktiv;;2294.0;90.0;90.0;;;28.8;48.8;47.2
2026-09-09 03:13:25;AUS;;Keine Regel aktiv;;2294.0;90.0;90.0;;;28.8;48.8;47.2
2026-09-09 03:18:34;AUS;;Keine Regel aktiv;;2294.0;90.0;90.0;;;28.8;48.8;47.2
2026-09-09 03:23:42;AUS;;Keine Regel aktiv;;2294.0;90.0;90.0;;;28.8;48.8;47.2
2026-09-09 03:28:47;AUS;;Keine Regel aktiv;;2294.0;90.0;90.0;;;28.8;48.7;47.1
2026-09-09 03:33:55;AUS;;Keine Regel aktiv;;2294.0;90.0;90.0;;;28.8;48.7;47.1
2026-09-09 03:39:00;AUS;;Keine Regel aktiv;;2294.0;90.0;90.0;;;28.9;48.6;47.1
2026-09-09 03:44:08;AUS;;Keine Regel aktiv;;2294.0;90.0;90.0;;;28.9;48.7;47.1
2026-09-09 03:49:17;AUS;;Keine Regel aktiv;;2294.0;90.0;90.0;;;28.9;48.7;47.1
2026-09-09 03:54:22;AUS;;Keine Regel aktiv;;2294.0;90.0;90.0;;;28.9;48.7;47.0
2026-09-09 03:59:31;AUS;;Keine Regel aktiv;;2294.0;90.0;90.0;;;28.9;48.6;47.0
2026-09-09 04:04:40;AUS;;Keine Regel aktiv;;2294.0;90.0;90.0;;;28.9;48.6;46.9
2026-09-09 04:09:50;AUS;;Keine Regel aktiv;;2294.0;90.0;90.0;;;28.9;48.6;46.9
2026-09-09 04:14:58;AUS;;Keine Regel aktiv;;2294.0;90.0;90.0;;;29.0;48.6;46.9
2026-09-09 04:20:03;AUS;;Keine Regel aktiv;;2294.0;90.0;90.0;;;29.0;48.6;46.9
2026-09-09 04:25:12;AUS;;Keine Regel aktiv;;2294.0;90.0;90.0;;;29.0;48.6;46.8
2026-09-09 04:30:21;AUS;;Keine Regel aktiv;;2294.0;90.0;90.0;;;29.0;48.6;46.8
2026-09-09 04:35:31;AUS;;Keine Regel aktiv;;2294.0;90.0;90.0;;;29.1;48.6;46.8
2026-09-09 04:40:37;AUS;;Keine Regel aktiv;;2294.0;90.0;90.0;;;29.1;48.5;46.8
2026-09-09 04:45:45;AUS;;Keine Regel aktiv;;2294.0;90.0;90.0;;;29.1;48.5;46.8
2026-09-09 04:50:50;AUS;;Keine Regel aktiv;;2294.0;90.0;90.0;;;29.1;48.5;46.8
2026-09-09 04:55:58;AUS;;Keine Regel aktiv;;2294.0;90.0;90.0;;;29.1;48.4;46.7
2026-09-09 05:01:06;AUS;;Keine Regel aktiv;;2294.0;90.0;90.0;;;29.1;48.4;46.7
2026-09-09 05:06:12;AUS;;Keine Regel aktiv;;2294.0;90.0;90.0;;;29.1;48.4;46.6
2026-09-09 05:11:20;AUS;;Keine Regel aktiv;;2294.0;90.0;90.0;;;29.1;48.4;46.6
2026-09-09 05:16:28;AUS;;Keine Regel aktiv;;2294.0;90.0;90.0;;;29.1;48.4;46.6
2026-09-09 05:21:33;AUS;;Keine Regel aktiv;;2294.0;90.0;90.0;;;29.1;48.4;46.6
2026-09-09 05:26:42;AUS;;Keine Regel aktiv;;2294.0;90.0;90.0;;;29.2;48.4;46.5
2026-09-09 05:31:51;AUS;;Keine Regel aktiv;;2294.0;90.0;90.0;;;29.2;48.4;46.5
2026-09-09 05:37:00;AUS;;Keine Regel aktiv;;2294.0;90.0;90.0;;;29.2;48.4;46.5
2026-09-09 05:42:05;AUS;;Keine Regel aktiv;;2294.0;90.0;90.0;;;29.2;48.4;46.4
2026-09-09 05:47:13;AUS;;Keine Regel aktiv;;2294.0;90.0;90.0;;;29.2;48.3;46.4
2026-09-09 05:52:22;AUS;;Keine Regel aktiv;;2294.0;90.0;90.0;;;29.2;48.4;46.4
2026-09-09 05:57:28;AUS;;Keine Regel aktiv;;2294.0;90.0;90.0;;;29.2;48.3;46.4
2026-09-09 06:02:37;AUS;;Keine Regel aktiv;;2294.0;90.0;90.0;;;29.2;48.3;46.3
2026-09-09 06:07:45;AUS;;Keine Regel aktiv;;2294.0;90.0;90.0;;;29.2;48.3;46.3
2026-09-09 06:12:54;AUS;;Keine Regel aktiv;;2294.0;90.0;90.0;;;29.2;48.2;46.3
2026-09-09 06:17:58;AUS;;Keine Regel aktiv;;2294.0;90.0;90.0;;;29.3;48.2;46.2
2026-09-09 06:23:09;AUS;;Keine Regel aktiv;;2294.0;90.0;90.0;;;29.2;48.2;46.2
2026-09-09 06:28:15;AUS;;Keine Regel aktiv;;2294.0;90.0;90.0;;;29.3;48.2;46.2
2026-09-09 06:33:23;AUS;;Keine Regel aktiv;;2294.0;90.0;90.0;;;29.3;48.2;46.2
2026-09-09 06:38:32;AUS;;Keine Regel aktiv;;2294.0;90.0;90.0;;;29.3;48.2;46.2
2026-09-09 06:43:37;AUS;;Keine Regel aktiv;;2294.0;90.0;90.0;;;29.4;48.2;46.1
2026-09-09 06:48:46;AUS;;Keine Regel aktiv;;2294.0;90.0;90.0;;;29.4;48.2;46.1
2026-09-09 06:53:51;AUS;;Keine Regel aktiv;;2294.0;90.0;90.0;;;29.4;48.2;46.1
2026-09-09 06:58:59;AUS;;Keine Regel aktiv;;2294.0;90.0;90.0;;;29.4;48.1;46.1
2026-09-09 07:04:07;AUS;;Keine Regel aktiv;;2294.0;90.0;90.0;;;29.4;48.1;46.1
2026-09-09 07:09:12;AUS;;Keine Regel aktiv;;2294.0;90.0;90.0;;;29.4;48.1;46.0
2026-09-09 07:14:21;AUS;;Keine Regel aktiv;;2294.0;90.0;90.0;;;29.4;48.1;46.0
2026-09-09 07:19:26;AUS;;Keine Regel aktiv;;2294.0;90.0;90.0;;;29.4;48.1;45.9
2026-09-09 07:24:36;AUS;;Keine Regel aktiv;;2294.0;90.0;90.0;;;29.4;48.1;45.9
2026-09-09 07:29:44;AUS;;Keine Regel aktiv;;2294.0;90.0;90.0;;;29.4;48.1;45.9
2026-09-09 07:34:54;AUS;;Keine Regel aktiv;;2294.0;90.0;90.0;;;29.4;48.1;45.9
2026-09-09 07:40:03;AUS;;Keine Regel aktiv;;2294.0;90.0;90.0;;;29.5;48.1;45.9
2026-09-09 07:45:09;AUS;;Keine Regel aktiv;;2294.0;90.0;90.0;;;29.5;48.1;45.8
2026-09-09 07:50:17;AUS;;Keine Regel aktiv;;2294.0;90.0;90.0;;;29.5;48.1;45.8
2026-09-09 07:55:23;AUS;;Keine Regel aktiv;;2294.0;90.0;90.0;;;29.5;48.0;45.8
2026-09-09 08:00:33;EIN;Abweichung;Abweichung;;0.0;69.0;0.0;;44.0;29.5;48.0;45.8
2026-09-09 08:05:41;EIN;Abweichung;Abweichung;;0.0;69.0;0.0;;44.0;30.7;48.0;45.6
2026-09-09 08:10:47;EIN;Abweichung;Abweichung;;0.0;68.0;0.0;;44.0;33.2;48.0;45.6
2026-09-09 08:15:56;EIN;Abweichung;Abweichung;;0.0;68.0;0.0;;44.0;35.6;48.0;45.6
2026-09-09 08:21:05;EIN;Abweichung;Abweichung;;0.0;67.0;0.0;;44.0;37.6;47.9;45.5
2026-09-09 08:26:14;AUS;;Keine Regel aktiv;;0.0;66.0;0.0;;44.0;39.2;47.9;45.5
2026-09-09 08:31:22;AUS;;Keine Regel aktiv;;0.0;66.0;0.0;;44.0;39.7;47.9;45.4
2026-09-09 08:36:28;AUS;;Keine Regel aktiv;;0.0;65.0;0.0;;44.0;39.4;47.9;45.4
2026-09-09 08:41:36;AUS;;Keine Regel aktiv;;0.0;65.0;0.0;;44.0;39.2;47.9;45.3
2026-09-09 08:46:45;EIN;;Keine Regel aktiv;Keine Regel aktiv, warte auf Mindestlaufzeit (noch 11m);0.0;65.0;0.0;;44.0;39.7;47.9;45.3
2026-09-09 08:51:50;EIN;;Keine Regel aktiv;Keine Regel aktiv, warte auf Mindestlaufzeit (noch 6m);0.0;64.0;0.0;;44.0;40.9;47.9;45.1
2026-09-09 08:56:58;EIN;;Keine Regel aktiv;Keine Regel aktiv, warte auf Mindestlaufzeit (noch 1m);0.0;64.0;0.0;;44.0;41.9;47.9;44.6
2026-09-09 09:02:06;AUS;Komfort;Komfort;;0.0;64.0;0.0;;44.0;42.6;47.9;44.5
2026-09-09 09:07:12;AUS;Komfort;Komfort;;0.0;64.0;0.0;;44.0;42.2;47.9;44.4
2026-09-09 09:12:20;AUS;;Keine Regel aktiv;;0.0;64.0;0.0;;44.0;41.7;47.8;44.4
2026-09-09 09:17:28;AUS;;Keine Regel aktiv;;0.0;64.0;0.0;;44.0;41.3;47.8;44.4
2026-09-09 09:22:34;AUS;;Keine Regel aktiv;;0.0;64.0;0.0;;44.0;41.0;47.8;44.4
2026-09-09 09:27:43;AUS;;Keine Regel aktiv;;0.0;64.0;0.0;;44.0;40.8;47.8;44.4
2026-09-09 09:32:52;AUS;;Keine Regel aktiv;;0.0;64.0;0.0;;44.0;40.6;47.8;44.4
2026-09-09 09:38:00;AUS;;Keine Regel aktiv;;0.0;64.0;0.0;;44.0;40.3;47.8;44.4
2026-09-09 09:43:06;AUS;;Keine Regel aktiv;;0.0;65.0;0.0;;44.0;40.0;47.8;44.4
2026-09-09 09:48:15;AUS;;Keine Regel aktiv;;0.0;65.0;0.0;;44.0;39.8;47.8;44.5
2026-09-09 09:53:23;AUS;;Keine Regel aktiv;;0.0;66.0;0.0;;44.0;39.7;47.8;44.5
2026-09-09 09:58:29;AUS;;Keine Regel aktiv;;0.0;66.0;0.0;;44.0;39.6;47.8;44.5
2026-09-09 10:03:38;AUS;;Keine Regel aktiv;;0.0;67.0;0.0;;44.0;39.4;47.7;44.5
2026-09-09 10:08:46;AUS;;Keine Regel aktiv;;0.0;68.0;0.0;;44.0;39.2;47.7;44.5
2026-09-09 10:13:52;AUS;;Keine Regel aktiv;;0.0;69.0;0.0;;44.0;39.1;47.7;44.5
2026-09-09 10:19:01;EIN;;Keine Regel aktiv;Keine Regel aktiv, warte auf Mindestlaufzeit (noch 10m);0.0;71.0;0.0;;44.0;40.7;47.7;44.5
2026-09-09 10:24:06;EIN;Komfort;Komfort;Regel 'Komfort' sagt AUS, warte auf Mindestlaufzeit (noch 5m;0.0;72.0;0.0;;44.0;43.0;47.7;44.6
2026-09-09 10:29:14;EIN;Komfort;Komfort;Regel 'Komfort' sagt AUS, warte auf Mindestlaufzeit (noch 0m;0.0;72.0;0.0;;44.0;44.1;47.6;45.0
2026-09-09 10:34:20;AUS;Komfort;Komfort;;0.0;74.0;0.0;;44.0;44.4;47.6;45.4
2026-09-09 10:39:28;AUS;Komfort;Komfort;;0.0;75.0;0.0;;44.0;44.1;47.6;45.4
2026-09-09 10:44:36;AUS;Komfort;Komfort;;0.0;77.0;0.0;;44.0;43.9;47.6;45.4
2026-09-09 10:49:41;AUS;Komfort;Komfort;;0.0;78.0;0.0;;44.0;43.6;47.6;45.4
2026-09-09 10:54:50;AUS;Komfort;Komfort;;0.0;80.0;0.0;;44.0;43.4;47.6;45.4
2026-09-09 10:59:55;AUS;Komfort;Komfort;;0.0;80.0;0.0;;44.0;43.2;47.6;45.4
2026-09-09 11:05:04;AUS;Komfort;Komfort;;0.0;81.0;0.0;;44.0;43.0;47.6;45.4
2026-09-09 11:10:12;AUS;Komfort;Komfort;;0.0;81.0;0.0;;44.0;42.8;47.6;45.4
2026-09-09 11:15:17;AUS;;Keine Regel aktiv;;0.0;81.0;0.0;;44.0;41.8;47.5;45.4
2026-09-09 11:20:26;AUS;Forecast;Keine Regel aktiv;;114.0;81.0;114.0;1.0;44.0;41.2;47.5;45.4
2026-09-09 11:25:34;EIN;Komfort;Komfort;Regel 'Komfort' sagt AUS, warte auf Mindestlaufzeit (noch 10;0.0;81.0;0.0;;44.0;42.9;47.5;45.4
2026-09-09 11:30:40;EIN;Komfort;Komfort;Regel 'Komfort' sagt AUS, warte auf Mindestlaufzeit (noch 4m;0.0;82.0;0.0;;44.0;44.8;47.5;45.7
2026-09-09 11:35:47;AUS;Komfort;Komfort;;0.0;83.0;0.0;;44.0;45.7;47.5;46.1
2026-09-09 11:40:53;AUS;Komfort;Komfort;;0.0;83.0;0.0;;44.0;45.8;47.5;46.5
2026-09-09 11:46:01;AUS;Komfort;Komfort;;0.0;84.0;0.0;;44.0;45.5;47.4;46.5
2026-09-09 11:51:09;AUS;Komfort;Komfort;;0.0;84.0;0.0;;44.0;42.6;47.4;46.5
2026-09-09 11:56:14;AUS;;Keine Regel aktiv;;0.0;85.0;0.0;;44.0;41.4;47.4;46.5
2026-09-09 12:01:22;AUS;;Keine Regel aktiv;;0.0;85.0;0.0;;44.0;40.9;47.4;46.4
2026-09-09 12:06:31;AUS;;Keine Regel aktiv;;0.0;85.0;0.0;;44.0;40.7;47.4;46.4
2026-09-09 12:11:36;AUS;;Keine Regel aktiv;;0.0;85.0;0.0;;44.0;40.5;47.4;46.4
2026-09-09 12:16:44;AUS;;Keine Regel aktiv;;0.0;85.0;0.0;;44.0;40.4;47.4;46.4
2026-09-09 12:21:54;AUS;;Keine Regel aktiv;;0.0;85.0;0.0;;44.0;40.2;47.4;46.4
2026-09-09 12:27:00;AUS;;Keine Regel aktiv;;0.0;85.0;0.0;;44.0;40.0;47.4;46.4
2026-09-09 12:32:09;AUS;;Keine Regel aktiv;;0.0;85.0;0.0;;44.0;39.9;47.4;46.4
2026-09-09 12:37:14;AUS;;Keine Regel aktiv;;0.0;85.0;0.0;;44.0;39.8;47.3;46.4
2026-09-09 12:42:24;AUS;;Keine Regel aktiv;;0.0;85.0;0.0;;44.0;39.6;47.3;46.4
2026-09-09 12:47:32;AUS;;Keine Regel aktiv;;0.0;85.0;0.0;;44.0;39.5;47.3;46.4
2026-09-09 12:52:40;AUS;;Keine Regel aktiv;;0.0;86.0;0.0;;44.0;39.4;47.2;46.4
2026-09-09 12:57:45;AUS;;Keine Regel aktiv;;0.0;86.0;0.0;;44.0;39.3;47.2;46.4
2026-09-09 13:02:54;AUS;;Keine Regel aktiv;;0.0;87.0;0.0;;44.0;39.2;47.2;46.4
2026-09-09 13:07:59;AUS;;Keine Regel aktiv;;0.0;88.0;0.0;;44.0;39.1;47.2;46.4
2026-09-09 13:13:07;EIN;Batterie;Batterie;;0.0;89.0;0.0;;44.0;39.5;47.2;46.4
2026-09-09 13:18:16;EIN;Batterie;Batterie;;0.0;89.0;0.0;;44.0;42.4;47.2;46.3
2026-09-09 13:23:22;EIN;AdaptivePV;Batterie;;414.0;90.0;414.0;;44.0;44.9;47.2;46.4
2026-09-09 13:28:30;EIN;AdaptivePV;AdaptivePV;;187.0;90.0;187.0;;44.0;46.1;47.2;46.6
2026-09-09 13:33:38;EIN;Batterie;AdaptivePV;;48.0;90.0;48.0;;44.0;46.6;47.4;46.9
2026-09-09 13:38:44;EIN;Batterie;Batterie;;0.0;90.0;0.0;;44.0;46.9;47.7;47.2
2026-09-09 13:43:53;AUS;Batterie;Batterie;Boiler-Max-Naehe (unten 47.0C, Einschalten erst < 46.0C);0.0;90.0;0.0;;44.0;47.0;47.8;47.4
2026-09-09 13:48:58;AUS;Komfort;Komfort;Boiler-Max-Naehe (unten 46.8C, Einschalten erst < 46.0C);0.0;90.0;591.0;;44.0;46.8;47.8;47.4
2026-09-09 13:54:06;AUS;Komfort;Komfort;Boiler-Max-Naehe (unten 46.4C, Einschalten erst < 46.0C);0.0;90.0;620.0;;44.0;46.4;47.8;47.4
2026-09-09 13:59:14;AUS;Komfort;Komfort;Boiler-Max-Naehe (unten 46.2C, Einschalten erst < 46.0C);0.0;90.0;819.0;;44.0;46.2;47.8;47.4
2026-09-09 14:04:20;AUS;Komfort;Komfort;;0.0;90.0;2291.0;;44.0;45.9;47.8;47.4
2026-09-09 14:09:30;AUS;Komfort;Komfort;;0.0;90.0;2273.0;;44.0;45.7;47.8;47.4
2026-09-09 14:14:35;AUS;Komfort;Komfort;;0.0;90.0;1985.0;;44.0;45.4;47.8;47.4
2026-09-09 14:19:44;AUS;Komfort;Komfort;;0.0;90.0;1852.0;;44.0;45.2;47.8;47.4
2026-09-09 14:24:53;AUS;Komfort;Komfort;;0.0;90.0;1709.0;;44.0;45.0;47.8;47.4
2026-09-09 14:30:05;EIN;AdaptivePV;AdaptivePV;;1266.0;90.0;1266.0;;44.0;45.6;47.8;47.4
2026-09-09 14:35:12;EIN;AdaptivePV;AdaptivePV;;1610.0;90.0;1610.0;;44.0;47.0;47.9;47.5
2026-09-09 14:40:19;EIN;AdaptivePV;AdaptivePV;;1727.0;90.0;1727.0;;44.0;47.6;48.1;47.9
2026-09-09 14:45:28;AUS;Batterie;Batterie;Boiler-Max-Naehe (unten 47.8C, Einschalten erst < 46.0C);1727.0;90.0;2316.0;;44.0;47.8;48.4;48.1
2026-09-09 14:50:33;AUS;Batterie;Batterie;Boiler-Max-Naehe (unten 47.5C, Einschalten erst < 46.0C);1727.0;90.0;2411.0;;44.0;47.5;48.4;48.0
2026-09-09 14:55:41;AUS;Batterie;Batterie;Boiler-Max-Naehe (unten 47.3C, Einschalten erst < 46.0C);1727.0;90.0;2911.0;;44.0;47.3;48.3;48.0
2026-09-09 15:00:50;AUS;Batterie;Batterie;Boiler-Max-Naehe (unten 47.1C, Einschalten erst < 46.0C);1727.0;90.0;3117.0;;44.0;47.1;48.4;48.0
2026-09-09 15:05:55;AUS;Einspeisung;Komfort;Boiler-Max-Naehe (unten 46.8C, Einschalten erst < 46.0C);1727.0;90.0;7546.0;;44.0;46.8;48.3;48.0
2026-09-09 15:11:03;AUS;Einspeisung;Einspeisung;Boiler-Max-Naehe (unten 46.6C, Einschalten erst < 46.0C);1727.0;90.0;7562.0;;44.0;46.6;48.4;48.0
2026-09-09 15:16:08;AUS;Komfort;Einspeisung;Boiler-Max-Naehe (unten 46.4C, Einschalten erst < 46.0C);1727.0;90.0;1962.0;;44.0;46.4;48.4;47.9
2026-09-09 15:21:16;AUS;Komfort;Komfort;Boiler-Max-Naehe (unten 46.2C, Einschalten erst < 46.0C);1727.0;90.0;4527.0;;44.0;46.2;48.4;47.9
2026-09-09 15:26:24;AUS;Komfort;Komfort;Boiler-Max-Naehe (unten 46.0C, Einschalten erst < 46.0C);1727.0;90.0;5102.0;;44.0;46.0;48.4;47.9
2026-09-09 15:31:29;AUS;Komfort;Komfort;;1727.0;90.0;4677.0;;44.0;45.8;48.4;47.9
2026-09-09 15:36:38;AUS;Komfort;Komfort;;1727.0;90.0;3935.0;;44.0;45.6;48.3;47.9
2026-09-09 15:41:43;AUS;Komfort;Komfort;;1727.0;90.0;2794.0;;44.0;45.5;48.3;47.9
2026-09-09 15:46:52;AUS;Komfort;Komfort;;1727.0;90.0;4922.0;;44.0;45.4;48.3;47.9
2026-09-09 15:52:02;AUS;Komfort;Komfort;;1727.0;90.0;6374.0;;44.0;45.2;48.3;47.8
2026-09-09 15:57:09;AUS;Komfort;Komfort;;1727.0;90.0;6499.0;;44.0;45.1;48.2;47.8
2026-09-09 16:02:18;EIN;Einspeisung;AdaptivePV;;6668.0;90.0;6668.0;;44.0;44.9;48.2;47.8
2026-09-09 16:07:27;EIN;Einspeisung;Einspeisung;;7762.0;90.0;7762.0;;44.0;46.8;48.3;47.8
2026-09-09 16:12:36;EIN;AdaptivePV;Einspeisung;;5956.0;90.0;5956.0;;44.0;47.8;48.4;48.1
2026-09-09 16:17:46;AUS;Einspeisung;Einspeisung;Boiler-Max-Naehe (unten 48.1C, Einschalten erst < 46.0C);5956.0;90.0;4302.0;;44.0;48.1;48.8;48.3
2026-09-09 16:22:51;AUS;Batterie;Batterie;Boiler-Max-Naehe (unten 47.9C, Einschalten erst < 46.0C);5956.0;90.0;4603.0;;44.0;47.9;48.8;48.3
2026-09-09 16:28:00;AUS;Batterie;Batterie;Boiler-Max-Naehe (unten 47.7C, Einschalten erst < 46.0C);5956.0;90.0;2726.0;;44.0;47.7;48.7;48.3
2026-09-09 16:33:09;AUS;Batterie;Batterie;Boiler-Max-Naehe (unten 47.4C, Einschalten erst < 46.0C);5956.0;90.0;2334.0;;44.0;47.4;48.8;48.3
2026-09-09 16:38:15;AUS;Batterie;Batterie;Boiler-Max-Naehe (unten 47.2C, Einschalten erst < 46.0C);5956.0;90.0;3519.0;;44.0;47.2;48.7;48.3
2026-09-09 16:43:25;AUS;Batterie;Batterie;Boiler-Max-Naehe (unten 47.1C, Einschalten erst < 46.0C);5956.0;90.0;2607.0;;44.0;47.1;48.8;48.3
2026-09-09 16:48:34;AUS;Komfort;Komfort;Boiler-Max-Naehe (unten 46.9C, Einschalten erst < 46.0C);5956.0;90.0;1024.0;;44.0;46.9;48.7;48.2
2026-09-09 16:53:43;AUS;Komfort;Komfort;Boiler-Max-Naehe (unten 46.7C, Einschalten erst < 46.0C);5956.0;90.0;925.0;;44.0;46.7;48.7;48.3
2026-09-09 16:58:49;AUS;Komfort;Komfort;Boiler-Max-Naehe (unten 46.5C, Einschalten erst < 46.0C);5956.0;90.0;926.0;;44.0;46.5;48.7;48.2
2026-09-09 17:03:59;AUS;Komfort;Komfort;Boiler-Max-Naehe (unten 46.4C, Einschalten erst < 46.0C);5956.0;90.0;723.0;;44.0;46.4;48.7;48.2
2026-09-09 17:09:08;AUS;Komfort;Komfort;Boiler-Max-Naehe (unten 46.2C, Einschalten erst < 46.0C);5956.0;90.0;623.0;;44.0;46.2;48.7;48.2
2026-09-09 17:14:17;AUS;Komfort;Komfort;Boiler-Max-Naehe (unten 46.1C, Einschalten erst < 46.0C);5956.0;90.0;577.0;;44.0;46.1;48.7;48.2
2026-09-09 17:19:23;AUS;Komfort;Komfort;;5956.0;90.0;697.0;;44.0;45.9;48.7;48.2
2026-09-09 17:24:32;AUS;Komfort;Komfort;;5956.0;90.0;754.0;;44.0;45.8;48.6;48.2
2026-09-09 17:29:40;AUS;Komfort;Komfort;;5956.0;90.0;853.0;;44.0;45.7;48.7;48.2
2026-09-09 17:34:45;AUS;Komfort;Komfort;;5956.0;90.0;976.0;;44.0;45.6;48.6;48.2
2026-09-09 17:39:55;AUS;Komfort;Komfort;;5956.0;90.0;1003.0;;44.0;45.4;48.6;48.2
2026-09-09 17:45:00;AUS;Komfort;Komfort;;5956.0;90.0;781.0;;44.0;45.3;48.6;48.1
2026-09-09 17:50:10;AUS;Komfort;Komfort;;5956.0;90.0;714.0;;44.0;45.2;48.6;48.1
2026-09-09 17:55:18;AUS;Komfort;Komfort;;5956.0;90.0;745.0;;44.0;45.1;48.6;48.1
2026-09-09 18:00:23;AUS;Komfort;Komfort;;5956.0;90.0;1015.0;;44.0;45.0;48.6;48.1
2026-09-09 18:05:32;EIN;AdaptivePV;AdaptivePV;;921.0;90.0;921.0;;44.0;44.9;48.6;48.1
2026-09-09 18:10:40;EIN;Batterie;AdaptivePV;;121.0;90.0;121.0;;44.0;46.6;48.6;48.1
2026-09-09 18:15:47;AUS;Batterie;Batterie;Boiler-Max-Naehe (unten 47.9C, Einschalten erst < 46.0C);121.0;90.0;0.0;;44.0;47.9;48.7;48.2
2026-09-09 18:20:57;AUS;Batterie;Batterie;Boiler-Max-Naehe (unten 47.9C, Einschalten erst < 46.0C);121.0;90.0;323.0;;44.0;47.9;48.8;48.3
2026-09-09 18:26:05;AUS;Batterie;Batterie;Boiler-Max-Naehe (unten 47.7C, Einschalten erst < 46.0C);121.0;90.0;453.0;;44.0;47.7;48.7;48.3
2026-09-09 18:31:11;AUS;Batterie;Batterie;Boiler-Max-Naehe (unten 47.5C, Einschalten erst < 46.0C);121.0;90.0;292.0;;44.0;47.5;48.7;48.3
2026-09-09 18:36:19;AUS;Batterie;Batterie;Boiler-Max-Naehe (unten 47.3C, Einschalten erst < 46.0C);121.0;90.0;72.0;;44.0;47.3;48.8;48.3
2026-09-09 18:41:27;AUS;Batterie;Batterie;Boiler-Max-Naehe (unten 47.1C, Einschalten erst < 46.0C);121.0;90.0;0.0;;44.0;47.1;48.7;48.3
2026-09-09 18:46:32;AUS;Komfort;Komfort;Boiler-Max-Naehe (unten 46.9C, Einschalten erst < 46.0C);121.0;90.0;0.0;;44.0;46.9;48.7;48.3
2026-09-09 18:51:40;AUS;Komfort;Komfort;;121.0;90.0;0.0;;44.0;45.2;48.7;48.2
2026-09-09 18:56:50;AUS;Komfort;Komfort;;0.0;89.0;0.0;;44.0;42.9;48.7;48.2
2026-09-09 19:01:57;AUS;;Keine Regel aktiv;;0.0;89.0;0.0;;;42.6;48.7;48.2
2026-09-09 19:07:05;AUS;;Keine Regel aktiv;;0.0;89.0;0.0;;;42.4;48.7;48.2
2026-09-09 19:12:14;AUS;;Keine Regel aktiv;;0.0;89.0;0.0;;;42.1;48.7;48.2
2026-09-09 19:17:23;AUS;;Keine Regel aktiv;;0.0;89.0;0.0;;;41.9;48.7;48.2
2026-09-09 19:22:29;AUS;;Keine Regel aktiv;;0.0;89.0;0.0;;;41.8;48.6;48.2
2026-09-09 19:27:38;AUS;;Keine Regel aktiv;;0.0;89.0;0.0;;;40.8;48.6;48.1
2026-09-09 19:32:46;AUS;;Keine Regel aktiv;;0.0;89.0;0.0;;;40.4;48.6;48.1
2026-09-09 19:37:54;AUS;;Keine Regel aktiv;;0.0;89.0;0.0;;;40.3;48.6;48.1
2026-09-09 19:43:00;AUS;;Keine Regel aktiv;;0.0;89.0;0.0;;;40.2;48.6;48.1
2026-09-09 19:48:08;AUS;;Keine Regel aktiv;;0.0;89.0;0.0;;;40.1;48.6;48.1
2026-09-09 19:53:17;AUS;;Keine Regel aktiv;;0.0;89.0;0.0;;;40.1;48.6;48.1
2026-09-09 19:58:22;AUS;;Keine Regel aktiv;;0.0;89.0;0.0;;;39.9;48.6;48.1
2026-09-09 20:03:30;AUS;;Keine Regel aktiv;;0.0;89.0;0.0;;;39.9;48.6;48.1
2026-09-09 20:08:35;AUS;;Keine Regel aktiv;;0.0;89.0;0.0;;;39.8;48.6;48.1
2026-09-09 20:13:44;AUS;;Keine Regel aktiv;;0.0;89.0;0.0;;;39.8;48.6;48.0
2026-09-09 20:18:52;AUS;;Keine Regel aktiv;;0.0;89.0;0.0;;;39.1;48.6;48.0
2026-09-09 20:23:58;AUS;;Keine Regel aktiv;;0.0;89.0;0.0;;;38.8;48.5;48.0
2026-09-09 20:29:03;AUS;;Keine Regel aktiv;;0.0;89.0;0.0;;;38.8;48.5;48.0
2026-09-09 20:34:12;AUS;;Keine Regel aktiv;;0.0;89.0;0.0;;;38.5;48.5;48.0
2026-09-09 20:39:17;AUS;;Keine Regel aktiv;;0.0;89.0;0.0;;;38.4;48.5;47.9
2026-09-09 20:44:25;AUS;;Keine Regel aktiv;;0.0;89.0;0.0;;;38.3;48.5;47.9
2026-09-09 20:49:33;AUS;;Keine Regel aktiv;;0.0;89.0;0.0;;;38.2;48.5;47.9
2026-09-09 20:54:39;AUS;;Keine Regel aktiv;;0.0;89.0;0.0;;;38.1;48.5;47.9
2026-09-09 20:59:48;AUS;;Keine Regel aktiv;;0.0;89.0;0.0;;;38.1;48.4;47.9
2026-09-09 21:04:56;AUS;;Keine Regel aktiv;;0.0;89.0;0.0;;;38.0;48.4;47.9
2026-09-09 21:10:01;AUS;;Keine Regel aktiv;;0.0;89.0;0.0;;;38.0;48.4;47.9
2026-09-09 21:15:09;AUS;;Keine Regel aktiv;;0.0;89.0;0.0;;;37.9;48.4;47.9
2026-09-09 21:20:17;AUS;;Keine Regel aktiv;;0.0;89.0;0.0;;;37.8;48.4;47.9
2026-09-09 21:25:22;AUS;;Keine Regel aktiv;;0.0;89.0;0.0;;;37.8;48.4;47.8
2026-09-09 21:30:31;AUS;;Keine Regel aktiv;;0.0;89.0;0.0;;;37.8;48.4;47.9
2026-09-09 21:35:41;AUS;;Keine Regel aktiv;;0.0;89.0;0.0;;;34.4;48.4;47.8
2026-09-09 21:40:48;AUS;;Keine Regel aktiv;;0.0;89.0;0.0;;;26.4;48.4;47.6
2026-09-09 21:45:57;AUS;;Keine Regel aktiv;;0.0;89.0;0.0;;;25.6;48.3;47.6
2026-09-09 21:51:05;AUS;;Keine Regel aktiv;;0.0;89.0;0.0;;;25.6;48.4;47.6
2026-09-09 21:56:10;AUS;;Keine Regel aktiv;;0.0;89.0;0.0;;;25.6;48.3;47.5
2026-09-09 22:01:19;AUS;;Keine Regel aktiv;;0.0;89.0;0.0;;;25.8;48.3;47.5
2026-09-09 22:06:27;AUS;;Keine Regel aktiv;;0.0;89.0;0.0;;;25.9;48.3;47.4
2026-09-09 22:11:35;AUS;;Keine Regel aktiv;;0.0;89.0;0.0;;;25.9;48.3;47.4
2026-09-09 22:16:41;AUS;;Keine Regel aktiv;;0.0;89.0;0.0;;;26.0;48.2;47.4
2026-09-09 22:21:49;AUS;;Keine Regel aktiv;;0.0;89.0;0.0;;;26.1;48.3;47.4
2026-09-09 22:26:54;AUS;;Keine Regel aktiv;;0.0;89.0;0.0;;;26.1;48.2;47.4
2026-09-09 22:32:03;AUS;;Keine Regel aktiv;;0.0;89.0;0.0;;;26.1;48.2;47.4
2026-09-09 22:37:11;AUS;;Keine Regel aktiv;;0.0;89.0;0.0;;;26.1;48.2;47.3
2026-09-09 22:42:16;AUS;;Keine Regel aktiv;;0.0;89.0;0.0;;;26.1;48.2;47.2
2026-09-09 22:47:24;AUS;;Keine Regel aktiv;;0.0;89.0;0.0;;;26.2;48.2;47.2
2026-09-09 22:52:32;AUS;;Keine Regel aktiv;;0.0;89.0;0.0;;;26.2;48.2;47.2
2026-09-09 22:57:37;AUS;;Keine Regel aktiv;;0.0;89.0;0.0;;;26.3;48.2;47.2
2026-09-09 23:02:47;AUS;;Keine Regel aktiv;;0.0;89.0;0.0;;;26.4;48.2;47.2
2026-09-09 23:07:56;AUS;;Keine Regel aktiv;;0.0;89.0;0.0;;;26.4;48.2;47.2
2026-09-09 23:13:05;AUS;;Keine Regel aktiv;;0.0;89.0;0.0;;;26.4;48.2;47.1
2026-09-09 23:18:11;AUS;;Keine Regel aktiv;;0.0;89.0;0.0;;;26.5;48.1;47.1
2026-09-09 23:23:20;AUS;;Keine Regel aktiv;;0.0;89.0;0.0;;;26.6;48.2;47.1
2026-09-09 23:28:29;AUS;;Keine Regel aktiv;;0.0;89.0;0.0;;;26.6;48.1;47.1
2026-09-09 23:33:35;AUS;;Keine Regel aktiv;;0.0;89.0;0.0;;;26.6;48.1;47.0
2026-09-09 23:38:45;AUS;;Keine Regel aktiv;;0.0;89.0;0.0;;;26.7;48.1;47.0
2026-09-09 23:43:53;AUS;;Keine Regel aktiv;;0.0;89.0;0.0;;;26.7;48.1;46.9
2026-09-09 23:48:58;AUS;;Keine Regel aktiv;;0.0;89.0;0.0;;;26.8;48.1;46.9
2026-09-09 23:54:03;AUS;;Keine Regel aktiv;;0.0;89.0;0.0;;;26.8;48.1;46.9
2026-09-09 23:59:11;AUS;;Keine Regel aktiv;;0.0;89.0;0.0;;;26.8;48.1;46.9
2026-09-10 00:04:20;AUS;;Keine Regel aktiv;;0.0;89.0;0.0;;;26.9;48.0;46.9
2026-09-10 00:09:25;AUS;;Keine Regel aktiv;;0.0;89.0;0.0;;;26.9;48.0;46.8
2026-09-10 00:14:33;AUS;;Keine Regel aktiv;;0.0;89.0;0.0;;;26.9;48.0;46.8
2026-09-10 00:19:41;AUS;;Keine Regel aktiv;;0.0;89.0;0.0;;;27.0;48.0;46.8
2026-09-10 00:24:50;AUS;;Keine Regel aktiv;;0.0;89.0;0.0;;;27.0;48.0;46.8
2026-09-10 00:29:55;AUS;;Keine Regel aktiv;;0.0;89.0;0.0;;;27.1;48.0;46.7
2026-09-10 00:35:03;AUS;;Keine Regel aktiv;;0.0;89.0;0.0;;;27.1;47.9;46.7
2026-09-10 00:40:08;AUS;;Keine Regel aktiv;;0.0;89.0;0.0;;;27.1;47.9;46.6
2026-09-10 00:45:16;AUS;;Keine Regel aktiv;;0.0;89.0;0.0;;;27.1;47.9;46.6
2026-09-10 00:50:21;AUS;;Keine Regel aktiv;;0.0;89.0;0.0;;;27.2;47.9;46.6
2026-09-10 00:55:29;AUS;;Keine Regel aktiv;;0.0;89.0;0.0;;;27.2;47.9;46.6
2026-09-10 01:00:35;AUS;;Keine Regel aktiv;;0.0;89.0;0.0;;;27.2;47.9;46.6
2026-09-10 01:05:44;AUS;;Keine Regel aktiv;;0.0;89.0;0.0;;;27.2;47.9;46.5
2026-09-10 01:10:53;AUS;;Keine Regel aktiv;;0.0;89.0;0.0;;;27.3;47.9;46.5
2026-09-10 01:16:02;AUS;;Keine Regel aktiv;;0.0;89.0;0.0;;;27.3;47.8;46.4
2026-09-10 01:21:11;AUS;;Keine Regel aktiv;;0.0;89.0;0.0;;;27.3;47.8;46.4
2026-09-10 01:26:16;AUS;;Keine Regel aktiv;;0.0;89.0;0.0;;;27.4;47.8;46.4
2026-09-10 01:31:24;AUS;;Keine Regel aktiv;;0.0;89.0;0.0;;;27.4;47.8;46.4
2026-09-10 01:36:33;AUS;;Keine Regel aktiv;;0.0;89.0;0.0;;;27.4;47.8;46.4
2026-09-10 01:41:38;AUS;;Keine Regel aktiv;;0.0;89.0;0.0;;;27.4;47.8;46.3
2026-09-10 01:46:46;AUS;;Keine Regel aktiv;;0.0;89.0;0.0;;;27.5;47.8;46.3
2026-09-10 01:51:54;AUS;;Keine Regel aktiv;;0.0;89.0;0.0;;;27.5;47.8;46.2
2026-09-10 01:57:01;AUS;;Keine Regel aktiv;;0.0;89.0;0.0;;;27.5;47.8;46.2
2026-09-10 02:02:10;AUS;;Keine Regel aktiv;;0.0;89.0;0.0;;;27.5;47.8;46.2
2026-09-10 02:07:18;AUS;;Keine Regel aktiv;;0.0;89.0;0.0;;;27.6;47.8;46.2
2026-09-10 02:12:23;AUS;;Keine Regel aktiv;;0.0;89.0;0.0;;;27.6;47.7;46.2
2026-09-10 02:17:32;AUS;;Keine Regel aktiv;;0.0;89.0;0.0;;;27.6;47.7;46.1
2026-09-10 02:22:40;AUS;;Keine Regel aktiv;;0.0;89.0;0.0;;;27.6;47.7;46.1
2026-09-10 02:27:45;AUS;;Keine Regel aktiv;;0.0;89.0;0.0;;;27.7;47.7;46.1
2026-09-10 02:32:53;AUS;;Keine Regel aktiv;;0.0;89.0;0.0;;;27.7;47.6;46.1
2026-09-10 02:38:02;AUS;;Keine Regel aktiv;;0.0;89.0;0.0;;;27.7;47.6;46.1
2026-09-10 02:43:07;AUS;;Keine Regel aktiv;;0.0;89.0;0.0;;;27.7;47.6;46.0
2026-09-10 02:48:15;AUS;;Keine Regel aktiv;;0.0;89.0;0.0;;;27.8;47.6;46.0
2026-09-10 02:53:24;AUS;;Keine Regel aktiv;;0.0;89.0;0.0;;;27.8;47.6;46.0
2026-09-10 02:58:30;AUS;;Keine Regel aktiv;;0.0;89.0;0.0;;;27.8;47.6;45.9
2026-09-10 03:03:38;AUS;;Keine Regel aktiv;;0.0;89.0;0.0;;;27.8;47.6;45.9
2026-09-10 03:08:44;AUS;;Keine Regel aktiv;;0.0;89.0;0.0;;;27.8;47.6;45.9
2026-09-10 03:13:53;AUS;;Keine Regel aktiv;;0.0;89.0;0.0;;;27.8;47.5;45.8
2026-09-10 03:19:03;AUS;;Keine Regel aktiv;;0.0;89.0;0.0;;;27.8;47.6;45.9
2026-09-10 03:24:12;AUS;;Keine Regel aktiv;;0.0;89.0;0.0;;;27.9;47.5;45.8
2026-09-10 03:29:21;AUS;;Keine Regel aktiv;;0.0;89.0;0.0;;;27.9;47.5;45.8
2026-09-10 03:34:29;AUS;;Keine Regel aktiv;;0.0;89.0;0.0;;;27.9;47.5;45.8
2026-09-10 03:39:36;AUS;;Keine Regel aktiv;;0.0;89.0;0.0;;;27.9;47.5;45.7
2026-09-10 03:44:44;AUS;;Keine Regel aktiv;;0.0;89.0;0.0;;;27.9;47.5;45.7
2026-09-10 03:49:53;AUS;;Keine Regel aktiv;;0.0;89.0;0.0;;;28.0;47.4;45.7
2026-09-10 03:54:58;AUS;;Keine Regel aktiv;;0.0;89.0;0.0;;;27.9;47.4;45.6
2026-09-10 04:00:08;AUS;;Keine Regel aktiv;;0.0;89.0;0.0;;;28.0;47.4;45.6
2026-09-10 04:05:17;AUS;;Keine Regel aktiv;;0.0;89.0;0.0;;;28.0;47.4;45.6
2026-09-10 04:10:25;AUS;;Keine Regel aktiv;;0.0;89.0;0.0;;;28.0;47.4;45.6
2026-09-10 04:15:34;AUS;;Keine Regel aktiv;;0.0;89.0;0.0;;;28.1;47.4;45.5
2026-09-10 04:20:39;AUS;;Keine Regel aktiv;;0.0;89.0;0.0;;;28.1;47.4;45.5
2026-09-10 04:25:48;AUS;;Keine Regel aktiv;;0.0;89.0;0.0;;;28.1;47.4;45.4
2026-09-10 04:30:57;AUS;;Keine Regel aktiv;;0.0;89.0;0.0;;;28.1;47.4;45.4
2026-09-10 04:36:03;AUS;;Keine Regel aktiv;;0.0;89.0;0.0;;;28.1;47.4;45.4
2026-09-10 04:41:12;AUS;;Keine Regel aktiv;;0.0;89.0;0.0;;;28.1;47.3;45.4
2026-09-10 04:46:21;AUS;;Keine Regel aktiv;;0.0;89.0;0.0;;;28.1;47.3;45.4
2026-09-10 04:51:30;AUS;;Keine Regel aktiv;;0.0;89.0;0.0;;;28.1;47.3;45.3
2026-09-10 04:56:39;AUS;;Keine Regel aktiv;;0.0;89.0;0.0;;;28.2;47.2;45.3
2026-09-10 05:01:45;AUS;;Keine Regel aktiv;;0.0;89.0;0.0;;;28.2;47.3;45.3
2026-09-10 05:06:54;AUS;;Keine Regel aktiv;;0.0;89.0;0.0;;;28.2;47.2;45.3
2026-09-10 05:12:02;AUS;;Keine Regel aktiv;;0.0;89.0;0.0;;;28.2;47.2;45.2
2026-09-10 05:17:11;AUS;;Keine Regel aktiv;;0.0;89.0;0.0;;;28.2;47.2;45.2
2026-09-10 05:22:17;AUS;;Keine Regel aktiv;;0.0;89.0;0.0;;;28.2;47.2;45.2
2026-09-10 05:27:25;AUS;;Keine Regel aktiv;;0.0;89.0;0.0;;;28.2;47.2;45.2
2026-09-10 05:32:34;AUS;;Keine Regel aktiv;;0.0;89.0;0.0;;;28.3;47.2;45.1
2026-09-10 05:37:39;AUS;;Keine Regel aktiv;;0.0;89.0;0.0;;;28.2;47.2;45.1
2026-09-10 05:42:48;AUS;;Keine Regel aktiv;;0.0;89.0;0.0;;;28.3;47.2;45.1
2026-09-10 05:47:57;AUS;;Keine Regel aktiv;;0.0;89.0;0.0;;;28.3;47.2;45.1
2026-09-10 05:53:02;AUS;;Keine Regel aktiv;;0.0;89.0;0.0;;;28.3;47.1;45.1
2026-09-10 05:58:11;AUS;;Keine Regel aktiv;;0.0;89.0;0.0;;;28.3;47.1;45.0
2026-09-10 06:03:19;AUS;;Keine Regel aktiv;;0.0;89.0;0.0;;;28.4;47.1;45.0
2026-09-10 06:08:28;AUS;;Keine Regel aktiv;;0.0;89.0;0.0;;;28.4;47.1;45.0
2026-09-10 06:13:34;AUS;;Keine Regel aktiv;;0.0;89.0;0.0;;;28.4;47.1;44.9
2026-09-10 06:18:43;AUS;;Keine Regel aktiv;;0.0;89.0;0.0;;;28.4;47.1;44.9
2026-09-10 06:23:53;AUS;;Keine Regel aktiv;;0.0;89.0;0.0;;;28.4;47.1;44.9
2026-09-10 06:29:02;AUS;;Keine Regel aktiv;;0.0;89.0;0.0;;;28.4;47.1;44.9
2026-09-10 06:34:08;AUS;;Keine Regel aktiv;;0.0;89.0;0.0;;;28.4;47.1;44.8
2026-09-10 06:39:16;AUS;;Keine Regel aktiv;;0.0;89.0;0.0;;;28.4;47.1;44.8
2026-09-10 06:44:24;AUS;;Keine Regel aktiv;;0.0;89.0;0.0;;;28.4;47.1;44.8
2026-09-10 06:49:30;AUS;;Keine Regel aktiv;;0.0;89.0;0.0;;;28.4;47.0;44.8
2026-09-10 06:54:38;AUS;;Keine Regel aktiv;;0.0;89.0;0.0;;;28.5;47.0;44.8
2026-09-10 06:59:46;AUS;;Keine Regel aktiv;;0.0;89.0;0.0;;;28.5;47.0;44.7
2026-09-10 07:04:51;AUS;;Keine Regel aktiv;;0.0;89.0;0.0;;;28.5;46.9;44.7
2026-09-10 07:09:59;AUS;;Keine Regel aktiv;;0.0;89.0;0.0;;;28.5;46.9;44.7
2026-09-10 07:15:08;AUS;;Keine Regel aktiv;;0.0;89.0;0.0;;;28.5;46.9;44.6
2026-09-10 07:20:13;AUS;;Keine Regel aktiv;;0.0;89.0;0.0;;;28.6;46.9;44.6
2026-09-10 07:25:21;AUS;;Keine Regel aktiv;;0.0;89.0;0.0;;;28.5;46.9;44.6
2026-09-10 07:30:26;AUS;;Keine Regel aktiv;;0.0;89.0;0.0;;;28.5;46.9;44.5
2026-09-10 07:35:34;AUS;;Keine Regel aktiv;;0.0;89.0;0.0;;;28.3;46.9;44.4
2026-09-10 07:40:40;AUS;;Keine Regel aktiv;;0.0;89.0;0.0;;;28.1;46.9;44.2
2026-09-10 07:45:49;AUS;;Keine Regel aktiv;;0.0;89.0;0.0;;;28.1;46.9;44.2
2026-09-10 07:50:58;AUS;;Keine Regel aktiv;;0.0;89.0;0.0;;;28.0;46.9;44.1
2026-09-10 07:56:06;AUS;;Keine Regel aktiv;;0.0;89.0;0.0;;;28.0;46.9;44.1
2026-09-10 08:01:12;EIN;Abweichung;Abweichung;;0.0;64.0;0.0;;44.0;27.9;46.9;44.1
2026-09-10 08:06:21;EIN;Abweichung;Abweichung;;0.0;64.0;0.0;;44.0;29.4;46.8;44.0
2026-09-10 08:11:28;EIN;Abweichung;Abweichung;;0.0;63.0;0.0;;44.0;32.1;46.8;43.9
2026-09-10 08:16:37;EIN;Abweichung;Abweichung;;0.0;62.0;0.0;;44.0;34.4;46.8;43.9
2026-09-10 08:21:43;EIN;Abweichung;Abweichung;;0.0;61.0;0.0;;44.0;35.9;46.8;43.8
2026-09-10 08:26:53;EIN;Abweichung;Abweichung;;0.0;60.0;0.0;;44.0;37.1;46.8;43.4
2026-09-10 08:32:02;EIN;Abweichung;Abweichung;;0.0;60.0;0.0;;44.0;38.4;46.8;43.2
2026-09-10 08:37:11;AUS;;Keine Regel aktiv;;0.0;59.0;0.0;;44.0;39.6;46.8;42.8
2026-09-10 08:42:18;AUS;;Keine Regel aktiv;;0.0;59.0;0.0;;44.0;39.4;46.8;42.8
2026-09-10 08:47:24;AUS;;Keine Regel aktiv;;0.0;59.0;0.0;;44.0;39.1;46.8;42.7
2026-09-10 08:52:34;EIN;;Keine Regel aktiv;Keine Regel aktiv, warte auf Mindestlaufzeit (noch 11m);0.0;58.0;0.0;;44.0;39.7;46.8;42.7
2026-09-10 08:57:43;EIN;;Keine Regel aktiv;Keine Regel aktiv, warte auf Mindestlaufzeit (noch 6m);0.0;58.0;0.0;;44.0;41.0;46.8;42.8
2026-09-10 09:02:53;EIN;Komfort;Komfort;Regel 'Komfort' sagt AUS, warte auf Mindestlaufzeit (noch 0m;0.0;57.0;0.0;;44.0;42.1;46.7;43.1
2026-09-10 09:08:01;AUS;Komfort;Komfort;;0.0;57.0;0.0;;44.0;42.6;46.7;43.6
2026-09-10 09:13:09;AUS;Komfort;Komfort;;0.0;57.0;0.0;;44.0;42.3;46.7;43.6
2026-09-10 09:18:15;AUS;Komfort;Komfort;;0.0;57.0;0.0;;44.0;42.1;46.7;43.6
2026-09-10 09:23:23;AUS;;Keine Regel aktiv;;0.0;57.0;0.0;;44.0;41.8;46.7;43.6
2026-09-10 09:28:28;AUS;;Keine Regel aktiv;;0.0;56.0;0.0;;44.0;41.6;46.6;43.6
2026-09-10 09:33:36;AUS;;Keine Regel aktiv;;0.0;56.0;0.0;;44.0;41.3;46.6;43.6
2026-09-10 09:38:45;AUS;;Keine Regel aktiv;;0.0;56.0;0.0;;44.0;41.1;46.6;43.6
2026-09-10 09:43:50;AUS;;Keine Regel aktiv;;0.0;56.0;0.0;;44.0;40.9;46.6;43.6
2026-09-10 09:48:58;AUS;;Keine Regel aktiv;;0.0;56.0;0.0;;44.0;40.7;46.6;43.6
2026-09-10 09:54:07;AUS;;Keine Regel aktiv;;0.0;56.0;0.0;;44.0;40.5;46.6;43.6
2026-09-10 09:59:11;AUS;;Keine Regel aktiv;;0.0;56.0;0.0;;44.0;40.4;46.6;43.6
2026-09-10 10:04:20;AUS;;Keine Regel aktiv;;0.0;56.0;0.0;;44.0;40.2;46.6;43.6
2026-09-10 10:09:28;AUS;;Keine Regel aktiv;;0.0;56.0;0.0;;44.0;40.1;46.5;43.6
2026-09-10 10:14:33;AUS;;Keine Regel aktiv;;0.0;56.0;0.0;;44.0;39.9;46.5;43.6
2026-09-10 10:19:41;AUS;;Keine Regel aktiv;;0.0;56.0;0.0;;44.0;39.8;46.5;43.6
2026-09-10 10:24:46;AUS;;Keine Regel aktiv;;0.0;56.0;0.0;;44.0;39.6;46.5;43.6
2026-09-10 10:29:54;AUS;;Keine Regel aktiv;;0.0;56.0;0.0;;44.0;39.6;46.4;43.6
2026-09-10 10:35:03;AUS;;Keine Regel aktiv;;0.0;56.0;0.0;;44.0;39.4;46.4;43.6
2026-09-10 10:40:08;AUS;;Keine Regel aktiv;;0.0;56.0;0.0;;44.0;39.3;46.4;43.6
2026-09-10 10:45:17;AUS;;Keine Regel aktiv;;0.0;56.0;0.0;;44.0;39.2;46.4;43.6
2026-09-10 10:50:26;AUS;;Keine Regel aktiv;;0.0;56.0;0.0;;44.0;39.1;46.4;43.6
2026-09-10 10:55:32;EIN;;Keine Regel aktiv;Keine Regel aktiv, warte auf Mindestlaufzeit (noch 10m);0.0;56.0;0.0;;44.0;40.4;46.4;43.6
2026-09-10 11:00:42;EIN;Komfort;Komfort;Regel 'Komfort' sagt AUS, warte auf Mindestlaufzeit (noch 5m;0.0;57.0;0.0;;44.0;42.6;46.4;43.8
2026-09-10 11:05:51;EIN;Komfort;Komfort;Regel 'Komfort' sagt AUS, warte auf Mindestlaufzeit (noch 0m;0.0;57.0;0.0;;44.0;43.8;46.4;44.3
2026-09-10 11:10:59;AUS;Komfort;Komfort;;0.0;57.0;0.0;;44.0;44.1;46.4;44.7
2026-09-10 11:16:05;AUS;Komfort;Komfort;;0.0;57.0;0.0;;44.0;43.8;46.4;44.8
2026-09-10 11:21:14;AUS;Komfort;Komfort;;0.0;58.0;0.0;;44.0;43.6;46.4;44.8
2026-09-10 11:26:22;AUS;Komfort;Komfort;;0.0;58.0;0.0;;44.0;43.3;46.3;44.8
2026-09-10 11:31:27;AUS;Komfort;Komfort;;0.0;58.0;0.0;;44.0;43.1;46.3;44.8
2026-09-10 11:36:35;AUS;Komfort;Komfort;;0.0;59.0;0.0;;44.0;42.9;46.3;44.8
2026-09-10 11:41:43;AUS;Komfort;Komfort;;0.0;59.0;0.0;;44.0;42.7;46.3;44.8
2026-09-10 11:46:48;AUS;Komfort;Komfort;;0.0;60.0;0.0;;44.0;42.6;46.3;44.8
2026-09-10 11:51:57;AUS;Komfort;Komfort;;0.0;61.0;0.0;;44.0;42.4;46.2;44.7
2026-09-10 11:57:05;AUS;Komfort;Komfort;;0.0;62.0;0.0;;44.0;42.2;46.3;44.7
2026-09-10 12:02:10;AUS;Komfort;Komfort;;0.0;64.0;0.0;;44.0;42.1;46.2;44.7
2026-09-10 12:07:18;AUS;;Keine Regel aktiv;;0.0;65.0;0.0;;44.0;41.9;46.2;44.7
2026-09-10 12:12:24;AUS;;Keine Regel aktiv;;0.0;66.0;0.0;;44.0;41.8;46.2;44.7
2026-09-10 12:17:32;AUS;;Keine Regel aktiv;;0.0;67.0;0.0;;44.0;41.7;46.2;44.6
2026-09-10 12:22:38;AUS;;Keine Regel aktiv;;0.0;68.0;0.0;;44.0;41.5;46.2;44.7
2026-09-10 12:27:46;AUS;;Keine Regel aktiv;;0.0;69.0;0.0;;44.0;41.4;46.2;44.7
2026-09-10 12:32:51;AUS;;Keine Regel aktiv;;0.0;70.0;0.0;;44.0;41.3;46.1;44.6
2026-09-10 12:37:59;AUS;;Keine Regel aktiv;;0.0;71.0;0.0;;44.0;41.2;46.1;44.6
2026-09-10 12:43:07;AUS;;Keine Regel aktiv;;0.0;72.0;0.0;;44.0;41.1;46.2;44.6
2026-09-10 12:48:12;AUS;;Keine Regel aktiv;;0.0;73.0;0.0;;44.0;41.1;46.1;44.6
2026-09-10 12:53:21;AUS;;Keine Regel aktiv;;0.0;73.0;0.0;;44.0;40.9;46.1;44.6
2026-09-10 12:58:26;AUS;;Keine Regel aktiv;;0.0;74.0;0.0;;44.0;40.9;46.1;44.6
2026-09-10 13:03:34;AUS;;Keine Regel aktiv;;0.0;75.0;0.0;;44.0;40.8;46.1;44.6
2026-09-10 13:08:40;AUS;;Keine Regel aktiv;;0.0;75.0;0.0;;44.0;40.7;46.1;44.6
2026-09-10 13:13:48;AUS;;Keine Regel aktiv;;0.0;76.0;0.0;;44.0;40.6;46.1;44.6
2026-09-10 13:18:57;AUS;;Keine Regel aktiv;;0.0;76.0;0.0;;44.0;40.5;46.1;44.6
2026-09-10 13:24:02;AUS;;Keine Regel aktiv;;0.0;77.0;0.0;;44.0;40.4;46.0;44.6
2026-09-10 13:29:11;AUS;;Keine Regel aktiv;;0.0;77.0;0.0;;44.0;40.4;46.0;44.6
2026-09-10 13:34:20;AUS;;Keine Regel aktiv;;0.0;78.0;0.0;;44.0;40.3;46.0;44.6
2026-09-10 13:39:28;AUS;;Keine Regel aktiv;;0.0;79.0;0.0;;44.0;40.2;46.0;44.6
2026-09-10 13:44:34;AUS;;Keine Regel aktiv;;0.0;79.0;0.0;;44.0;40.2;46.0;44.5
2026-09-10 13:49:43;AUS;;Keine Regel aktiv;;0.0;80.0;0.0;;44.0;40.1;45.9;44.5
2026-09-10 13:54:51;AUS;;Keine Regel aktiv;;0.0;81.0;0.0;;44.0;40.1;46.0;44.5
2026-09-10 13:59:57;AUS;;Keine Regel aktiv;;0.0;81.0;0.0;;44.0;39.9;45.9;44.5
2026-09-10 14:05:06;AUS;;Keine Regel aktiv;;0.0;82.0;0.0;;44.0;39.9;45.9;44.5
2026-09-10 14:10:15;AUS;;Keine Regel aktiv;;0.0;82.0;0.0;;44.0;39.8;45.9;44.5
2026-09-10 14:15:24;AUS;;Keine Regel aktiv;;0.0;83.0;0.0;;44.0;39.8;45.9;44.4
2026-09-10 14:20:33;AUS;;Keine Regel aktiv;;0.0;83.0;0.0;;44.0;39.7;45.9;44.5
2026-09-10 14:25:39;AUS;;Keine Regel aktiv;;0.0;83.0;0.0;;44.0;39.6;45.9;44.4
2026-09-10 14:30:48;AUS;;Keine Regel aktiv;;0.0;84.0;0.0;;44.0;39.6;45.9;44.4
2026-09-10 14:35:53;AUS;;Keine Regel aktiv;;0.0;84.0;0.0;;44.0;39.6;45.8;44.4
2026-09-10 14:41:01;AUS;;Keine Regel aktiv;;0.0;84.0;0.0;;44.0;39.5;45.9;44.4
2026-09-10 14:46:06;AUS;;Keine Regel aktiv;;0.0;85.0;0.0;;44.0;39.4;45.8;44.4
2026-09-10 14:51:15;AUS;;Keine Regel aktiv;;0.0;86.0;0.0;;44.0;39.4;45.8;44.4
2026-09-10 14:56:23;AUS;;Keine Regel aktiv;;0.0;86.0;0.0;;44.0;39.4;45.8;44.4
2026-09-10 15:01:29;AUS;;Keine Regel aktiv;;0.0;87.0;0.0;;44.0;39.3;45.8;44.4
2026-09-10 15:06:39;AUS;;Keine Regel aktiv;;0.0;88.0;0.0;;44.0;39.2;45.8;44.4
2026-09-10 15:11:47;AUS;;Keine Regel aktiv;;0.0;88.0;0.0;;44.0;39.2;45.8;44.4
2026-09-10 15:16:54;AUS;;Keine Regel aktiv;;0.0;89.0;0.0;;44.0;39.1;45.8;44.4
2026-09-10 15:22:03;AUS;AdaptivePV;Keine Regel aktiv;;871.0;90.0;871.0;2.0;44.0;39.1;45.8;44.4
2026-09-10 15:27:08;EIN;AdaptivePV;AdaptivePV;;704.0;90.0;704.0;2.0;44.0;39.8;45.7;44.4
2026-09-10 15:32:16;EIN;AdaptivePV;AdaptivePV;;233.0;90.0;233.0;2.0;44.0;42.1;45.7;44.4
2026-09-10 15:37:22;EIN;Batterie;AdaptivePV;;0.0;90.0;0.0;2.0;44.0;43.9;45.7;44.5
2026-09-10 15:42:31;EIN;Batterie;Batterie;;0.0;90.0;0.0;;44.0;44.7;45.6;44.9
2026-09-10 15:47:41;EIN;Batterie;Batterie;;0.0;89.0;0.0;;44.0;45.2;45.9;45.3
2026-09-10 15:52:49;EIN;Batterie;Batterie;;0.0;89.0;0.0;;44.0;45.6;46.1;45.7
2026-09-10 15:57:57;EIN;Batterie;Batterie;;0.0;89.0;0.0;;44.0;46.0;46.4;46.1
2026-09-10 16:03:06;EIN;Batterie;Batterie;;0.0;89.0;0.0;;44.0;46.3;46.8;46.4
2026-09-10 16:08:12;EIN;Batterie;Batterie;;0.0;89.0;0.0;;44.0;46.6;47.1;46.6
2026-09-10 16:13:21;EIN;Batterie;Batterie;;0.0;89.0;0.0;;44.0;46.9;47.4;46.9
2026-09-10 16:18:30;AUS;Batterie;Batterie;Boiler-Max-Naehe (unten 47.1C, Einschalten erst < 46.0C);0.0;89.0;0.0;;44.0;47.1;47.5;47.2
2026-09-10 16:23:36;AUS;Komfort;Komfort;Boiler-Max-Naehe (unten 46.9C, Einschalten erst < 46.0C);0.0;89.0;300.0;;44.0;46.9;47.6;47.1
2026-09-10 16:28:45;AUS;Komfort;Komfort;Boiler-Max-Naehe (unten 46.7C, Einschalten erst < 46.0C);0.0;89.0;405.0;;44.0;46.7;47.5;47.1
2026-09-10 16:33:50;AUS;Komfort;Komfort;Boiler-Max-Naehe (unten 46.6C, Einschalten erst < 46.0C);0.0;89.0;610.0;;44.0;46.6;47.6;47.1
2026-09-10 16:38:58;AUS;Komfort;Komfort;Boiler-Max-Naehe (unten 46.4C, Einschalten erst < 46.0C);0.0;89.0;532.0;;44.0;46.4;47.6;47.1
2026-09-10 16:44:07;AUS;Komfort;Komfort;Boiler-Max-Naehe (unten 46.2C, Einschalten erst < 46.0C);0.0;89.0;398.0;;44.0;46.2;47.6;47.1
2026-09-10 16:49:13;AUS;Komfort;Komfort;Boiler-Max-Naehe (unten 46.1C, Einschalten erst < 46.0C);0.0;89.0;353.0;;44.0;46.1;47.5;47.1
2026-09-10 16:54:21;AUS;Komfort;Komfort;;0.0;89.0;321.0;;44.0;45.9;47.5;47.1
2026-09-10 16:59:29;AUS;Komfort;Komfort;;0.0;89.0;277.0;;44.0;45.8;47.5;47.1
2026-09-10 17:04:34;AUS;Komfort;Komfort;;0.0;89.0;265.0;;44.0;45.6;47.5;47.1
2026-09-10 17:09:45;AUS;Komfort;Komfort;;0.0;89.0;216.0;;44.0;45.5;47.5;47.1
2026-09-10 17:14:53;AUS;Komfort;Komfort;;0.0;89.0;143.0;;44.0;45.4;47.5;47.0
2026-09-10 17:20:02;AUS;Komfort;Komfort;;0.0;89.0;0.0;;44.0;45.2;47.5;47.0
2026-09-10 17:25:07;AUS;Komfort;Komfort;;0.0;89.0;0.0;;44.0;45.1;47.5;47.0
2026-09-10 17:30:15;AUS;Komfort;Komfort;;0.0;89.0;0.0;;44.0;45.0;47.5;47.0
2026-09-10 17:35:23;AUS;Komfort;Komfort;;0.0;89.0;0.0;;44.0;44.9;47.5;47.0
2026-09-10 17:40:30;AUS;Komfort;Komfort;;0.0;89.0;0.0;;44.0;44.8;47.4;47.0
2026-09-10 17:45:39;AUS;Komfort;Komfort;;0.0;89.0;0.0;;44.0;44.7;47.4;46.9
2026-09-10 17:50:47;AUS;Komfort;Komfort;;0.0;89.0;0.0;;44.0;44.6;47.4;46.9
2026-09-10 17:55:55;AUS;Komfort;Komfort;;0.0;89.0;0.0;;44.0;44.6;47.4;46.9
2026-09-10 18:01:00;AUS;Komfort;Komfort;;0.0;89.0;0.0;;44.0;44.4;47.4;46.9
2026-09-10 18:06:09;AUS;Komfort;Komfort;;0.0;89.0;0.0;;44.0;44.4;47.4;46.9
2026-09-10 18:11:14;AUS;Komfort;Komfort;;0.0;89.0;0.0;;44.0;44.2;47.4;46.9
2026-09-10 18:16:22;AUS;Komfort;Komfort;;0.0;89.0;0.0;;44.0;44.2;47.4;46.9
2026-09-10 18:21:31;AUS;Komfort;Komfort;;0.0;89.0;0.0;;44.0;44.1;47.4;46.9
2026-09-10 18:26:36;AUS;Komfort;Komfort;;0.0;89.0;0.0;;44.0;44.0;47.4;46.9
2026-09-10 18:31:44;AUS;Komfort;Komfort;;0.0;89.0;0.0;;44.0;43.9;47.4;46.9
2026-09-10 18:36:53;AUS;Komfort;Komfort;;0.0;89.0;0.0;;44.0;43.9;47.3;46.8
2026-09-10 18:41:58;AUS;Komfort;Komfort;;0.0;89.0;0.0;;44.0;43.8;47.3;46.8
2026-09-10 18:47:06;AUS;Komfort;Komfort;;0.0;88.0;0.0;;44.0;43.7;47.3;46.8
2026-09-10 18:52:13;AUS;Komfort;Komfort;;0.0;88.0;0.0;;44.0;43.7;47.3;46.8
2026-09-10 18:57:21;AUS;Komfort;Komfort;;0.0;88.0;0.0;;44.0;43.6;47.3;46.8
2026-09-10 19:02:29;AUS;Abweichung;Abweichung;;0.0;88.0;0.0;;44.0;43.6;47.3;46.8
2026-09-10 19:07:34;AUS;Abweichung;Abweichung;;0.0;88.0;0.0;;44.0;43.4;47.2;46.8
2026-09-10 19:12:42;AUS;Abweichung;Abweichung;;0.0;88.0;0.0;;44.0;43.4;47.2;46.8
2026-09-10 19:17:47;AUS;Abweichung;Abweichung;;0.0;88.0;0.0;;44.0;43.3;47.2;46.8
2026-09-10 19:22:56;AUS;Abweichung;Keine Regel aktiv;;0.0;88.0;0.0;;44.0;43.3;47.2;46.7
2026-09-10 19:28:04;AUS;;Keine Regel aktiv;;0.0;88.0;0.0;;;43.2;47.2;46.7
2026-09-10 19:33:09;AUS;;Keine Regel aktiv;;0.0;88.0;0.0;;;43.2;47.2;46.7
2026-09-10 19:38:18;AUS;;Keine Regel aktiv;;0.0;88.0;0.0;;;43.1;47.2;46.7
2026-09-10 19:43:27;AUS;;Keine Regel aktiv;;0.0;88.0;0.0;;;43.1;47.2;46.7
2026-09-10 19:48:32;AUS;;Keine Regel aktiv;;0.0;88.0;0.0;;;43.0;47.2;46.7
2026-09-10 19:53:41;AUS;;Keine Regel aktiv;;0.0;88.0;0.0;;;42.9;47.2;46.6
2026-09-10 19:58:47;AUS;;Keine Regel aktiv;;0.0;88.0;0.0;;;42.9;47.2;46.6
2026-09-10 20:03:56;AUS;;Keine Regel aktiv;;0.0;88.0;0.0;;;42.8;47.1;46.6
2026-09-10 20:09:04;AUS;;Keine Regel aktiv;;0.0;88.0;0.0;;;42.8;47.1;46.6
2026-09-10 20:14:09;AUS;;Keine Regel aktiv;;0.0;88.0;0.0;;;42.8;47.1;46.6
2026-09-10 20:19:17;AUS;;Keine Regel aktiv;;0.0;88.0;0.0;;;42.7;47.1;46.6
2026-09-10 20:24:25;AUS;;Keine Regel aktiv;;0.0;88.0;0.0;;;42.6;47.1;46.6
2026-09-10 20:29:30;AUS;;Keine Regel aktiv;;0.0;88.0;0.0;;;42.6;47.1;46.6
2026-09-10 20:34:39;AUS;;Keine Regel aktiv;;0.0;88.0;0.0;;;42.6;47.1;46.6
2026-09-10 20:39:45;AUS;;Keine Regel aktiv;;0.0;88.0;0.0;;;42.6;47.1;46.5
2026-09-10 20:44:54;AUS;;Keine Regel aktiv;;0.0;88.0;0.0;;;42.5;47.1;46.6
2026-09-10 20:50:01;AUS;;Keine Regel aktiv;;0.0;88.0;0.0;;;42.4;47.1;46.5
2026-09-10 20:55:11;AUS;;Keine Regel aktiv;;0.0;88.0;0.0;;;42.4;47.0;46.5
2026-09-10 21:00:19;AUS;;Keine Regel aktiv;;0.0;88.0;0.0;;;42.3;47.1;46.5
2026-09-10 21:05:24;AUS;;Keine Regel aktiv;;0.0;88.0;0.0;;;42.3;47.0;46.4
2026-09-10 21:10:33;AUS;;Keine Regel aktiv;;0.0;88.0;0.0;;;42.3;47.0;46.4
2026-09-10 21:15:41;AUS;;Keine Regel aktiv;;0.0;88.0;0.0;;;42.2;47.0;46.4
2026-09-10 21:20:50;AUS;;Keine Regel aktiv;;0.0;88.0;0.0;;;42.2;47.0;46.4
2026-09-10 21:25:59;AUS;;Keine Regel aktiv;;0.0;88.0;0.0;;;42.2;47.0;46.4
2026-09-10 21:31:08;AUS;;Keine Regel aktiv;;0.0;88.0;0.0;;;42.1;46.9;46.4
2026-09-10 21:36:13;AUS;;Keine Regel aktiv;;0.0;88.0;0.0;;;42.1;46.9;46.4
2026-09-10 21:41:21;AUS;;Keine Regel aktiv;;0.0;88.0;0.0;;;42.1;46.9;46.4
2026-09-10 21:46:30;AUS;;Keine Regel aktiv;;0.0;88.0;0.0;;;42.0;46.9;46.4
2026-09-10 21:51:37;AUS;;Keine Regel aktiv;;0.0;88.0;0.0;;;41.9;46.9;46.4
2026-09-10 21:56:45;AUS;;Keine Regel aktiv;;0.0;88.0;0.0;;;41.9;46.9;46.3
2026-09-10 22:01:54;AUS;;Keine Regel aktiv;;0.0;88.0;0.0;;;41.9;46.9;46.3
2026-09-10 22:06:59;AUS;;Keine Regel aktiv;;0.0;88.0;0.0;;;41.9;46.9;46.3
2026-09-10 22:12:08;AUS;;Keine Regel aktiv;;0.0;88.0;0.0;;;41.9;46.9;46.3
2026-09-10 22:17:17;AUS;;Keine Regel aktiv;;0.0;88.0;0.0;;;41.8;46.9;46.3
2026-09-10 22:22:25;AUS;;Keine Regel aktiv;;0.0;88.0;0.0;;;41.8;46.9;46.2
2026-09-10 22:27:31;AUS;;Keine Regel aktiv;;0.0;88.0;0.0;;;41.8;46.9;46.2
2026-09-10 22:32:39;AUS;;Keine Regel aktiv;;0.0;88.0;0.0;;;41.7;46.8;46.2
2026-09-10 22:37:44;AUS;;Keine Regel aktiv;;0.0;88.0;0.0;;;41.7;46.8;46.2
2026-09-10 22:42:52;AUS;;Keine Regel aktiv;;0.0;88.0;0.0;;;41.6;46.8;46.2
2026-09-10 22:48:02;AUS;;Keine Regel aktiv;;0.0;88.0;0.0;;;41.6;46.8;46.2
2026-09-10 22:53:08;AUS;;Keine Regel aktiv;;0.0;88.0;0.0;;;41.6;46.8;46.2
2026-09-10 22:58:17;AUS;;Keine Regel aktiv;;0.0;88.0;0.0;;;41.5;46.8;46.2
2026-09-10 23:03:26;AUS;;Keine Regel aktiv;;0.0;88.0;0.0;;;41.5;46.8;46.2
2026-09-10 23:08:34;AUS;;Keine Regel aktiv;;0.0;88.0;0.0;;;41.5;46.8;46.2
2026-09-10 23:13:39;AUS;;Keine Regel aktiv;;0.0;88.0;0.0;;;41.4;46.8;46.2
2026-09-10 23:18:48;AUS;;Keine Regel aktiv;;0.0;88.0;0.0;;;41.4;46.7;46.1
2026-09-10 23:23:53;AUS;;Keine Regel aktiv;;0.0;88.0;0.0;;;41.4;46.7;46.2
2026-09-10 23:29:01;AUS;;Keine Regel aktiv;;0.0;88.0;0.0;;;41.4;46.7;46.1
2026-09-10 23:34:10;AUS;;Keine Regel aktiv;;0.0;88.0;0.0;;;41.3;46.7;46.1
2026-09-10 23:39:15;AUS;;Keine Regel aktiv;;0.0;88.0;0.0;;;41.3;46.7;46.1
2026-09-10 23:44:25;AUS;;Keine Regel aktiv;;0.0;88.0;0.0;;;41.2;46.6;46.1
2026-09-10 23:49:34;AUS;;Keine Regel aktiv;;0.0;88.0;0.0;;;41.2;46.6;46.1
2026-09-10 23:54:40;AUS;;Keine Regel aktiv;;0.0;88.0;0.0;;;41.2;46.6;46.1
2026-09-10 23:59:49;AUS;;Keine Regel aktiv;;0.0;88.0;0.0;;;41.2;46.6;46.1
2026-09-11 00:04:58;AUS;;Keine Regel aktiv;;0.0;88.0;0.0;;;41.2;46.6;46.1
2026-09-11 00:10:07;AUS;;Keine Regel aktiv;;0.0;88.0;0.0;;;41.1;46.6;46.1
2026-09-11 00:15:15;AUS;;Keine Regel aktiv;;0.0;88.0;0.0;;;41.1;46.6;46.0
2026-09-11 00:20:20;AUS;;Keine Regel aktiv;;0.0;88.0;0.0;;;41.1;46.6;46.0
2026-09-11 00:25:30;AUS;;Keine Regel aktiv;;0.0;88.0;0.0;;;41.1;46.6;46.0
2026-09-11 00:30:38;AUS;;Keine Regel aktiv;;0.0;88.0;0.0;;;41.1;46.6;45.9
2026-09-11 00:35:47;AUS;;Keine Regel aktiv;;0.0;88.0;0.0;;;41.0;46.6;45.9
2026-09-11 00:40:52;AUS;;Keine Regel aktiv;;0.0;88.0;0.0;;;41.0;46.5;45.9
2026-09-11 00:46:00;AUS;;Keine Regel aktiv;;0.0;88.0;0.0;;;40.9;46.5;45.9
2026-09-11 00:51:05;AUS;;Keine Regel aktiv;;0.0;88.0;0.0;;;40.9;46.5;45.9
2026-09-11 00:56:13;AUS;;Keine Regel aktiv;;0.0;88.0;0.0;;;40.9;46.5;45.9
2026-09-11 01:01:22;AUS;;Keine Regel aktiv;;0.0;88.0;0.0;;;40.9;46.5;45.9
2026-09-11 01:06:27;AUS;;Keine Regel aktiv;;0.0;88.0;0.0;;;40.9;46.5;45.9
2026-09-11 01:11:35;AUS;;Keine Regel aktiv;;0.0;88.0;0.0;;;40.8;46.5;45.9
2026-09-11 01:16:43;AUS;;Keine Regel aktiv;;0.0;88.0;0.0;;;40.8;46.4;45.9
2026-09-11 01:21:48;AUS;;Keine Regel aktiv;;0.0;88.0;0.0;;;40.8;46.4;45.8
2026-09-11 01:26:56;AUS;;Keine Regel aktiv;;0.0;88.0;0.0;;;40.8;46.4;45.8
2026-09-11 01:32:04;AUS;;Keine Regel aktiv;;0.0;88.0;0.0;;;40.8;46.4;45.8
2026-09-11 01:37:09;AUS;;Keine Regel aktiv;;0.0;88.0;0.0;;;40.8;46.4;45.8
2026-09-11 01:42:18;AUS;;Keine Regel aktiv;;0.0;88.0;0.0;;;40.7;46.4;45.8
2026-09-11 01:47:26;AUS;;Keine Regel aktiv;;0.0;88.0;0.0;;;40.6;46.4;45.8
2026-09-11 01:52:31;AUS;;Keine Regel aktiv;;0.0;88.0;0.0;;;40.6;46.4;45.8
2026-09-11 01:57:40;AUS;;Keine Regel aktiv;;0.0;88.0;0.0;;;40.6;46.4;45.8
2026-09-11 02:02:48;AUS;;Keine Regel aktiv;;0.0;88.0;0.0;;;40.6;46.3;45.8
2026-09-11 02:07:53;AUS;;Keine Regel aktiv;;0.0;88.0;0.0;;;40.6;46.3;45.8
2026-09-11 02:13:01;AUS;;Keine Regel aktiv;;0.0;88.0;0.0;;;40.6;46.3;45.8
2026-09-11 02:18:07;AUS;;Keine Regel aktiv;;0.0;88.0;0.0;;;40.5;46.3;45.7
2026-09-11 02:23:15;AUS;;Keine Regel aktiv;;0.0;88.0;0.0;;;40.5;46.3;45.7
2026-09-11 02:28:23;AUS;;Keine Regel aktiv;;0.0;88.0;0.0;;;40.5;46.3;45.7
2026-09-11 02:33:28;AUS;;Keine Regel aktiv;;0.0;88.0;0.0;;;40.4;46.2;45.7
2026-09-11 02:38:37;AUS;;Keine Regel aktiv;;0.0;88.0;0.0;;;40.4;46.2;45.7
2026-09-11 02:43:42;AUS;;Keine Regel aktiv;;0.0;88.0;0.0;;;40.4;46.2;45.6
2026-09-11 02:48:52;AUS;;Keine Regel aktiv;;0.0;88.0;0.0;;;40.4;46.2;45.6
2026-09-11 02:54:01;AUS;;Keine Regel aktiv;;0.0;88.0;0.0;;;40.4;46.2;45.6
2026-09-11 02:59:06;AUS;;Keine Regel aktiv;;0.0;88.0;0.0;;;40.4;46.2;45.6
2026-09-11 03:04:14;AUS;;Keine Regel aktiv;;0.0;88.0;0.0;;;40.4;46.2;45.6
2026-09-11 03:09:24;AUS;;Keine Regel aktiv;;0.0;88.0;0.0;;;40.3;46.2;45.6
2026-09-11 03:14:34;AUS;;Keine Regel aktiv;;0.0;88.0;0.0;;;40.3;46.2;45.6
2026-09-11 03:19:42;AUS;;Keine Regel aktiv;;0.0;88.0;0.0;;;40.3;46.2;45.6
2026-09-11 03:24:48;AUS;;Keine Regel aktiv;;0.0;88.0;0.0;;;40.2;46.2;45.6
2026-09-11 03:29:57;AUS;;Keine Regel aktiv;;0.0;88.0;0.0;;;40.2;46.1;45.6
2026-09-11 03:35:06;AUS;;Keine Regel aktiv;;0.0;88.0;0.0;;;40.2;46.2;45.5
2026-09-11 03:40:15;AUS;;Keine Regel aktiv;;0.0;88.0;0.0;;;40.2;46.1;45.5
2026-09-11 03:45:24;AUS;;Keine Regel aktiv;;0.0;88.0;0.0;;;40.1;46.1;45.5
2026-09-11 03:50:29;AUS;;Keine Regel aktiv;;0.0;88.0;0.0;;;40.2;46.1;45.5
2026-09-11 03:55:37;AUS;;Keine Regel aktiv;;0.0;88.0;0.0;;;40.1;46.1;45.4
2026-09-11 04:00:46;AUS;;Keine Regel aktiv;;0.0;88.0;0.0;;;40.1;46.1;45.4
2026-09-11 04:05:51;AUS;;Keine Regel aktiv;;0.0;88.0;0.0;;;40.1;46.1;45.4
2026-09-11 04:11:00;AUS;;Keine Regel aktiv;;0.0;88.0;0.0;;;40.1;46.1;45.4
2026-09-11 04:16:06;AUS;;Keine Regel aktiv;;0.0;88.0;0.0;;;40.1;46.1;45.4
2026-09-11 04:21:14;AUS;;Keine Regel aktiv;;0.0;88.0;0.0;;;40.1;46.1;45.4
2026-09-11 04:26:20;AUS;;Keine Regel aktiv;;0.0;88.0;0.0;;;40.0;46.0;45.4
2026-09-11 04:31:29;AUS;;Keine Regel aktiv;;0.0;88.0;0.0;;;40.0;46.0;45.4
2026-09-11 04:36:37;AUS;;Keine Regel aktiv;;0.0;88.0;0.0;;;40.0;46.0;45.4
2026-09-11 04:41:43;AUS;;Keine Regel aktiv;;0.0;88.0;0.0;;;39.9;46.0;45.3
2026-09-11 04:46:52;AUS;;Keine Regel aktiv;;0.0;88.0;0.0;;;39.9;46.0;45.3
2026-09-11 04:51:58;AUS;;Keine Regel aktiv;;0.0;88.0;0.0;;;39.9;45.9;45.3
2026-09-11 04:57:07;AUS;;Keine Regel aktiv;;0.0;88.0;0.0;;;39.9;45.9;45.3
2026-09-11 05:02:14;AUS;;Keine Regel aktiv;;0.0;88.0;0.0;;;39.9;45.9;45.3
2026-09-11 05:07:22;AUS;;Keine Regel aktiv;;0.0;88.0;0.0;;;39.9;45.9;45.2
2026-09-11 05:12:31;AUS;;Keine Regel aktiv;;0.0;88.0;0.0;;;39.8;45.9;45.3
2026-09-11 05:17:37;AUS;;Keine Regel aktiv;;0.0;88.0;0.0;;;39.8;45.9;45.2
2026-09-11 05:22:45;AUS;;Keine Regel aktiv;;0.0;88.0;0.0;;;39.8;45.9;45.2
2026-09-11 05:27:54;AUS;;Keine Regel aktiv;;0.0;88.0;0.0;;;39.8;45.9;45.2
2026-09-11 05:32:59;AUS;;Keine Regel aktiv;;0.0;88.0;0.0;;;39.8;45.9;45.2
2026-09-11 05:38:08;AUS;;Keine Regel aktiv;;0.0;88.0;0.0;;;39.8;45.9;45.2
2026-09-11 05:43:13;AUS;;Keine Regel aktiv;;0.0;88.0;0.0;;;39.8;45.9;45.2
2026-09-11 05:48:22;AUS;;Keine Regel aktiv;;0.0;88.0;0.0;;;39.7;45.8;45.2
2026-09-11 05:53:30;AUS;;Keine Regel aktiv;;0.0;88.0;0.0;;;39.8;45.8;45.2
2026-09-11 05:58:35;AUS;;Keine Regel aktiv;;0.0;88.0;0.0;;;39.7;45.8;45.2
2026-09-11 06:03:44;AUS;;Keine Regel aktiv;;0.0;88.0;0.0;;;39.7;45.8;45.1
2026-09-11 06:08:52;AUS;;Keine Regel aktiv;;0.0;88.0;0.0;;;39.7;45.8;45.1
2026-09-11 06:13:57;AUS;;Keine Regel aktiv;;0.0;88.0;0.0;;;39.6;45.8;45.1
2026-09-11 06:19:06;AUS;;Keine Regel aktiv;;0.0;88.0;0.0;;;39.6;45.8;45.1
2026-09-11 06:24:11;AUS;;Keine Regel aktiv;;0.0;88.0;0.0;;;39.6;45.8;45.1
2026-09-11 06:29:20;AUS;;Keine Regel aktiv;;0.0;88.0;0.0;;;39.6;45.8;45.1
2026-09-11 06:34:27;AUS;;Keine Regel aktiv;;0.0;88.0;0.0;;;39.6;45.8;45.1
2026-09-11 06:39:37;AUS;;Keine Regel aktiv;;0.0;88.0;0.0;;;39.6;45.8;45.1
2026-09-11 06:44:46;AUS;;Keine Regel aktiv;;0.0;88.0;0.0;;;39.6;45.7;45.1
2026-09-11 06:49:51;AUS;;Keine Regel aktiv;;0.0;88.0;0.0;;;39.5;45.7;45.0
2026-09-11 06:55:00;AUS;;Keine Regel aktiv;;0.0;88.0;0.0;;;39.5;45.7;45.0
2026-09-11 07:00:05;AUS;;Keine Regel aktiv;;0.0;88.0;0.0;;;39.5;45.7;45.0
2026-09-11 07:05:13;AUS;;Keine Regel aktiv;;0.0;88.0;0.0;;;39.5;45.7;45.0
2026-09-11 07:10:19;AUS;;Keine Regel aktiv;;0.0;88.0;0.0;;;39.4;45.7;44.9
2026-09-11 07:15:28;AUS;;Keine Regel aktiv;;0.0;88.0;0.0;;;39.4;45.6;44.9
2026-09-11 07:20:37;AUS;;Keine Regel aktiv;;0.0;88.0;0.0;;;39.4;45.6;44.9
2026-09-11 07:25:46;AUS;;Keine Regel aktiv;;0.0;88.0;0.0;;;39.4;45.6;44.9
2026-09-11 07:30:54;AUS;;Keine Regel aktiv;;0.0;88.0;0.0;;;39.4;45.6;44.9
2026-09-11 07:36:00;AUS;;Keine Regel aktiv;;0.0;88.0;0.0;;;39.4;45.6;44.9
2026-09-11 07:41:09;AUS;;Keine Regel aktiv;;0.0;88.0;0.0;;;39.4;45.6;44.9
2026-09-11 07:46:18;AUS;;Keine Regel aktiv;;0.0;88.0;0.0;;;39.3;45.6;44.9
2026-09-11 07:51:27;AUS;;Keine Regel aktiv;;0.0;88.0;0.0;;;39.3;45.6;44.9
2026-09-11 07:56:36;AUS;;Keine Regel aktiv;;0.0;88.0;0.0;;;39.3;45.5;44.9
2026-09-11 08:01:42;EIN;Legionellen;Legionellen;;0.0;68.0;0.0;;44.0;39.3;45.6;44.9
2026-09-11 08:06:51;EIN;Legionellen;Legionellen;;0.0;68.0;0.0;;44.0;40.1;45.6;44.8
2026-09-11 08:11:57;EIN;Legionellen;Legionellen;;0.0;68.0;0.0;;44.0;42.1;45.5;44.8
2026-09-11 08:17:05;EIN;Legionellen;Legionellen;;0.0;68.0;0.0;;44.0;43.8;45.4;44.8
2026-09-11 08:22:11;EIN;Legionellen;Legionellen;;0.0;68.0;0.0;;44.0;44.9;45.6;45.0
2026-09-11 08:27:19;EIN;Legionellen;Legionellen;;0.0;68.0;0.0;;44.0;45.3;45.9;45.4
2026-09-11 08:32:28;EIN;Legionellen;Legionellen;;0.0;68.0;0.0;;44.0;45.8;46.2;45.6
2026-09-11 08:37:33;EIN;Legionellen;Legionellen;;0.0;68.0;0.0;;44.0;46.1;46.4;46.1
2026-09-11 08:42:41;EIN;Legionellen;Legionellen;;0.0;68.0;0.0;;44.0;46.4;46.7;46.4
2026-09-11 08:47:47;EIN;Legionellen;Legionellen;;0.0;68.0;0.0;;44.0;46.7;47.1;46.8
2026-09-11 08:52:55;EIN;Legionellen;Legionellen;;0.0;68.0;0.0;;44.0;47.0;47.4;47.1
2026-09-11 08:58:03;EIN;Legionellen;Legionellen;;0.0;68.0;0.0;;44.0;47.2;47.6;47.2
2026-09-11 09:03:09;EIN;Legionellen;Legionellen;;0.0;68.0;0.0;;44.0;47.1;47.6;47.2
2026-09-11 09:08:18;AUS;Legionellen;Legionellen;Neustartsperre (noch 9m 45s);0.0;68.0;0.0;;44.0;47.3;47.7;47.2
2026-09-11 09:13:26;AUS;Legionellen;Legionellen;Neustartsperre (noch 4m 37s);0.0;68.0;0.0;;44.0;47.4;47.8;47.4
2026-09-11 09:18:31;EIN;Legionellen;Legionellen;;0.0;68.0;0.0;;44.0;47.2;47.8;47.4
2026-09-11 09:23:39;EIN;Legionellen;Legionellen;;0.0;68.0;0.0;;44.0;47.6;48.0;47.5
2026-09-11 09:28:47;EIN;Legionellen;Legionellen;;0.0;68.0;0.0;;44.0;47.9;48.2;47.9
2026-09-11 09:33:52;EIN;Legionellen;Legionellen;;0.0;68.0;0.0;;44.0;48.2;48.5;48.2
2026-09-11 09:39:00;EIN;Legionellen;Legionellen;;0.0;68.0;0.0;;44.0;48.6;48.8;48.5
2026-09-11 09:44:09;EIN;Legionellen;Legionellen;;0.0;68.0;0.0;;44.0;48.9;49.1;48.8
2026-09-11 09:49:14;EIN;Legionellen;Legionellen;;0.0;68.0;0.0;;44.0;49.2;49.5;49.1
2026-09-11 09:54:22;EIN;Legionellen;Legionellen;;0.0;68.0;0.0;;44.0;49.5;49.8;49.5
2026-09-11 09:59:30;EIN;Legionellen;Legionellen;;0.0;68.0;0.0;;44.0;49.9;50.1;49.8
2026-09-11 10:04:35;EIN;Legionellen;Legionellen;;0.0;68.0;0.0;;44.0;50.2;50.4;50.1
2026-09-11 10:09:45;EIN;Legionellen;Legionellen;;0.0;68.0;0.0;;44.0;50.5;50.8;50.4
2026-09-11 10:14:53;EIN;Legionellen;Legionellen;;0.0;68.0;0.0;;44.0;50.8;51.0;50.8
2026-09-11 10:20:01;EIN;Legionellen;Legionellen;;0.0;68.0;0.0;;44.0;51.1;51.4;51.1
2026-09-11 10:25:06;EIN;Legionellen;Legionellen;;0.0;68.0;0.0;;44.0;51.4;51.7;51.4
2026-09-11 10:30:14;EIN;Legionellen;Legionellen;;0.0;68.0;0.0;;44.0;51.8;52.0;51.7
2026-09-11 10:35:23;EIN;Legionellen;Legionellen;;0.0;68.0;0.0;;44.0;52.1;52.3;52.1
2026-09-11 10:40:28;EIN;Legionellen;Legionellen;;0.0;68.0;0.0;;44.0;52.4;52.6;52.3
2026-09-11 10:45:36;EIN;Legionellen;Legionellen;;0.0;68.0;0.0;;44.0;52.7;52.9;52.7
2026-09-11 10:50:45;EIN;Legionellen;Legionellen;;0.0;68.0;0.0;;44.0;53.0;53.2;53.0
2026-09-11 10:55:50;EIN;Legionellen;Legionellen;;0.0;68.0;0.0;;44.0;53.3;53.4;53.3
2026-09-11 11:00:58;EIN;Legionellen;Legionellen;;0.0;68.0;0.0;;44.0;53.6;53.8;53.6
2026-09-11 11:06:06;EIN;Legionellen;Legionellen;;0.0;68.0;0.0;;44.0;53.9;54.1;53.9
2026-09-11 11:11:12;EIN;Legionellen;Legionellen;;0.0;68.0;0.0;;44.0;54.2;54.4;54.2
2026-09-11 11:16:20;EIN;Legionellen;Legionellen;;0.0;68.0;0.0;;44.0;54.6;54.7;54.6
2026-09-11 11:21:27;EIN;Legionellen;Legionellen;;0.0;68.0;0.0;;44.0;54.9;55.0;54.8
2026-09-11 11:26:35;EIN;Legionellen;Legionellen;;0.0;68.0;0.0;;44.0;55.1;55.2;55.1
2026-09-11 11:31:44;EIN;Legionellen;Legionellen;;0.0;68.0;0.0;;44.0;55.5;55.6;55.4
2026-09-11 11:36:53;EIN;Legionellen;Legionellen;;0.0;68.0;0.0;;44.0;55.8;55.9;55.8
2026-09-11 11:41:59;EIN;Legionellen;Legionellen;;0.0;68.0;0.0;;44.0;56.1;56.2;56.1
2026-09-11 11:47:07;EIN;Legionellen;Legionellen;;0.0;68.0;0.0;;44.0;56.4;56.5;56.4
2026-09-11 11:52:15;EIN;Legionellen;Legionellen;;0.0;68.0;0.0;;44.0;56.8;56.8;56.6
2026-09-11 11:57:20;EIN;Legionellen;Legionellen;;0.0;68.0;0.0;;44.0;57.0;57.1;56.9
2026-09-11 12:02:29;AUS;Einspeisung;Einspeisung;Boiler-Maximum-Kuehlphase (unten 57.2C, Einschalten erst <= ;0.0;68.0;0.0;;44.0;57.2;57.4;57.2
2026-09-11 12:07:34;AUS;Einspeisung;Einspeisung;Boiler-Maximum-Kuehlphase (unten 57.2C, Einschalten erst <= ;0.0;68.0;0.0;;44.0;57.2;57.4;57.2
2026-09-11 12:12:47;AUS;Einspeisung;Einspeisung;Boiler-Maximum-Kuehlphase (unten 57.1C, Einschalten erst <= ;0.0;68.0;0.0;;44.0;57.1;57.4;57.2
2026-09-11 12:17:52;AUS;Einspeisung;Einspeisung;Boiler-Maximum-Kuehlphase (unten 56.9C, Einschalten erst <= ;0.0;68.0;0.0;;44.0;56.9;57.4;57.2
2026-09-11 12:23:01;AUS;Einspeisung;Einspeisung;Boiler-Maximum-Kuehlphase (unten 56.8C, Einschalten erst <= ;0.0;68.0;0.0;;44.0;56.8;57.4;57.2
2026-09-11 12:28:09;AUS;Einspeisung;Einspeisung;Boiler-Maximum-Kuehlphase (unten 56.6C, Einschalten erst <= ;0.0;68.0;0.0;;44.0;56.6;57.4;57.1
2026-09-11 12:33:14;AUS;Einspeisung;Einspeisung;Boiler-Maximum-Kuehlphase (unten 56.5C, Einschalten erst <= ;0.0;68.0;0.0;;44.0;56.5;57.4;57.1
2026-09-11 12:38:22;AUS;Einspeisung;Einspeisung;Boiler-Maximum-Kuehlphase (unten 56.3C, Einschalten erst <= ;0.0;68.0;0.0;;44.0;56.3;57.4;57.1
2026-09-11 12:43:30;AUS;Einspeisung;Einspeisung;Boiler-Maximum-Kuehlphase (unten 56.2C, Einschalten erst <= ;0.0;68.0;0.0;;44.0;56.2;57.4;57.1
2026-09-11 12:48:35;AUS;Einspeisung;Einspeisung;Boiler-Maximum-Kuehlphase (unten 56.1C, Einschalten erst <= ;0.0;68.0;4208.0;;44.0;56.1;57.4;57.1
2026-09-11 12:53:43;AUS;Einspeisung;Einspeisung;Boiler-Maximum-Kuehlphase (unten 55.9C, Einschalten erst <= ;0.0;68.0;7607.0;;44.0;55.9;57.4;57.1
2026-09-11 12:58:48;AUS;Einspeisung;Einspeisung;Boiler-Maximum-Kuehlphase (unten 55.8C, Einschalten erst <= ;0.0;68.0;7583.0;;44.0;55.8;57.4;57.1
2026-09-11 13:03:56;AUS;Einspeisung;Einspeisung;Boiler-Maximum-Kuehlphase (unten 55.7C, Einschalten erst <= ;0.0;68.0;7548.0;;44.0;55.7;57.4;57.0
2026-09-11 13:09:06;AUS;Einspeisung;Einspeisung;Boiler-Maximum-Kuehlphase (unten 55.6C, Einschalten erst <= ;0.0;68.0;3946.0;;44.0;55.6;57.3;57.0
2026-09-11 13:14:12;AUS;Einspeisung;Einspeisung;Boiler-Maximum-Kuehlphase (unten 55.4C, Einschalten erst <= ;0.0;68.0;7568.0;;44.0;55.4;57.3;57.0
2026-09-11 13:19:20;AUS;Einspeisung;Einspeisung;Boiler-Maximum-Kuehlphase (unten 55.3C, Einschalten erst <= ;0.0;68.0;3540.0;;44.0;55.3;57.3;56.9
2026-09-11 13:24:28;AUS;Einspeisung;Einspeisung;Boiler-Maximum-Kuehlphase (unten 55.2C, Einschalten erst <= ;0.0;68.0;7609.0;;44.0;55.2;57.3;56.9
2026-09-11 13:29:33;AUS;Einspeisung;Einspeisung;Boiler-Maximum-Kuehlphase (unten 55.1C, Einschalten erst <= ;0.0;68.0;7597.0;;44.0;55.1;57.2;56.9
2026-09-11 13:34:42;AUS;Einspeisung;Einspeisung;Boiler-Maximum-Kuehlphase (unten 54.9C, Einschalten erst <= ;0.0;68.0;6599.0;;44.0;54.9;57.2;56.9
2026-09-11 13:39:51;AUS;Einspeisung;Einspeisung;Boiler-Maximum-Kuehlphase (unten 54.9C, Einschalten erst <= ;0.0;68.0;4774.0;;44.0;54.9;57.2;56.9
2026-09-11 13:44:59;AUS;Einspeisung;Einspeisung;Boiler-Maximum-Kuehlphase (unten 54.8C, Einschalten erst <= ;0.0;68.0;7529.0;;44.0;54.8;57.2;56.9
2026-09-11 13:50:04;AUS;Einspeisung;Einspeisung;Boiler-Maximum-Kuehlphase (unten 54.7C, Einschalten erst <= ;0.0;68.0;5999.0;;44.0;54.7;57.2;56.9
2026-09-11 13:55:13;AUS;Einspeisung;Einspeisung;Boiler-Maximum-Kuehlphase (unten 54.6C, Einschalten erst <= ;0.0;68.0;7547.0;;44.0;54.6;57.2;56.8
2026-09-11 14:00:21;AUS;Einspeisung;Einspeisung;Boiler-Maximum-Kuehlphase (unten 54.5C, Einschalten erst <= ;0.0;68.0;4994.0;;44.0;54.5;57.2;56.8
2026-09-11 14:05:30;AUS;Einspeisung;Einspeisung;Boiler-Maximum-Kuehlphase (unten 54.4C, Einschalten erst <= ;0.0;68.0;7567.0;;44.0;54.4;57.2;56.8
2026-09-11 14:10:36;AUS;Einspeisung;Einspeisung;Boiler-Maximum-Kuehlphase (unten 54.2C, Einschalten erst <= ;0.0;68.0;7540.0;;44.0;54.2;57.1;56.8
2026-09-11 14:15:45;AUS;Einspeisung;Einspeisung;Boiler-Maximum-Kuehlphase (unten 54.2C, Einschalten erst <= ;0.0;68.0;4825.0;;44.0;54.2;57.1;56.8
2026-09-11 14:20:53;AUS;Einspeisung;Einspeisung;Boiler-Maximum-Kuehlphase (unten 54.1C, Einschalten erst <= ;0.0;68.0;5850.0;;44.0;54.1;57.1;56.8
2026-09-11 14:25:58;AUS;Einspeisung;Einspeisung;Boiler-Maximum-Kuehlphase (unten 54.0C, Einschalten erst <= ;0.0;68.0;2582.0;;44.0;54.0;57.1;56.8
2026-09-11 14:31:06;AUS;Einspeisung;Einspeisung;Boiler-Maximum-Kuehlphase (unten 53.9C, Einschalten erst <= ;0.0;68.0;3138.0;;44.0;53.9;57.1;56.8
2026-09-11 14:36:15;AUS;Einspeisung;Einspeisung;Boiler-Maximum-Kuehlphase (unten 53.8C, Einschalten erst <= ;0.0;68.0;3628.0;;44.0;53.8;57.1;56.7
2026-09-11 14:41:20;AUS;Einspeisung;Einspeisung;Boiler-Maximum-Kuehlphase (unten 53.8C, Einschalten erst <= ;0.0;68.0;6127.0;;44.0;53.8;57.1;56.7
2026-09-11 14:46:29;AUS;Einspeisung;Einspeisung;Boiler-Maximum-Kuehlphase (unten 53.7C, Einschalten erst <= ;0.0;68.0;3279.0;;44.0;53.7;57.1;56.7
2026-09-11 14:51:38;AUS;Einspeisung;Einspeisung;Boiler-Maximum-Kuehlphase (unten 53.6C, Einschalten erst <= ;0.0;68.0;3788.0;;44.0;53.6;57.0;56.6
2026-09-11 14:56:42;AUS;Einspeisung;Einspeisung;Boiler-Maximum-Kuehlphase (unten 53.5C, Einschalten erst <= ;0.0;68.0;3460.0;;44.0;53.5;57.0;56.6
2026-09-11 15:01:51;AUS;Einspeisung;Einspeisung;Boiler-Maximum-Kuehlphase (unten 53.4C, Einschalten erst <= ;0.0;68.0;2991.0;;44.0;53.4;57.0;56.6
2026-09-11 15:06:59;AUS;Einspeisung;Einspeisung;Boiler-Maximum-Kuehlphase (unten 53.4C, Einschalten erst <= ;0.0;68.0;2727.0;;44.0;53.4;56.9;56.6
2026-09-11 15:12:04;AUS;Einspeisung;Einspeisung;Boiler-Maximum-Kuehlphase (unten 53.2C, Einschalten erst <= ;0.0;68.0;3087.0;;44.0;53.2;57.0;56.6
2026-09-11 15:17:13;AUS;Einspeisung;Einspeisung;Boiler-Maximum-Kuehlphase (unten 53.2C, Einschalten erst <= ;0.0;68.0;4766.0;;44.0;53.2;56.9;56.6
2026-09-11 15:22:21;AUS;Einspeisung;Einspeisung;Boiler-Maximum-Kuehlphase (unten 53.1C, Einschalten erst <= ;0.0;68.0;7444.0;;44.0;53.1;56.9;56.5
2026-09-11 15:27:26;AUS;Einspeisung;Einspeisung;Boiler-Maximum-Kuehlphase (unten 53.1C, Einschalten erst <= ;0.0;68.0;3960.0;;44.0;53.1;56.9;56.5
2026-09-11 15:32:35;AUS;Einspeisung;Einspeisung;Boiler-Maximum-Kuehlphase (unten 52.9C, Einschalten erst <= ;0.0;68.0;3304.0;;44.0;52.9;56.9;56.5
2026-09-11 15:37:44;AUS;Einspeisung;Einspeisung;Boiler-Maximum-Kuehlphase (unten 52.9C, Einschalten erst <= ;0.0;68.0;3496.0;;44.0;52.9;56.9;56.5
2026-09-11 15:42:53;AUS;Einspeisung;Einspeisung;Boiler-Maximum-Kuehlphase (unten 52.8C, Einschalten erst <= ;0.0;68.0;3483.0;;44.0;52.8;56.9;56.4
2026-09-11 15:47:58;AUS;Einspeisung;Einspeisung;Boiler-Maximum-Kuehlphase (unten 52.8C, Einschalten erst <= ;0.0;68.0;3270.0;;44.0;52.8;56.8;56.4
2026-09-11 15:53:07;AUS;Einspeisung;Einspeisung;Boiler-Maximum-Kuehlphase (unten 52.7C, Einschalten erst <= ;0.0;68.0;7565.0;;44.0;52.7;56.8;56.4
2026-09-11 15:58:15;AUS;Einspeisung;Einspeisung;Boiler-Maximum-Kuehlphase (unten 52.6C, Einschalten erst <= ;0.0;68.0;7421.0;;44.0;52.6;56.8;56.4
2026-09-11 16:03:20;AUS;Einspeisung;Einspeisung;Boiler-Maximum-Kuehlphase (unten 52.6C, Einschalten erst <= ;0.0;68.0;7198.0;;44.0;52.6;56.8;56.4
2026-09-11 16:08:29;AUS;Einspeisung;Einspeisung;Boiler-Maximum-Kuehlphase (unten 52.5C, Einschalten erst <= ;0.0;68.0;3443.0;;44.0;52.5;56.8;56.4
2026-09-11 16:13:37;AUS;Einspeisung;Einspeisung;Boiler-Maximum-Kuehlphase (unten 52.4C, Einschalten erst <= ;0.0;68.0;7632.0;;44.0;52.4;56.8;56.4
2026-09-11 16:18:43;AUS;Einspeisung;Einspeisung;Boiler-Maximum-Kuehlphase (unten 52.4C, Einschalten erst <= ;0.0;68.0;7286.0;;44.0;52.4;56.8;56.3
2026-09-11 16:23:53;AUS;Einspeisung;Einspeisung;Boiler-Maximum-Kuehlphase (unten 52.3C, Einschalten erst <= ;0.0;68.0;5078.0;;44.0;52.3;56.8;56.3
2026-09-11 16:28:59;AUS;Einspeisung;Einspeisung;Boiler-Maximum-Kuehlphase (unten 52.2C, Einschalten erst <= ;0.0;68.0;4539.0;;44.0;52.2;56.7;56.3
2026-09-11 16:34:08;AUS;Einspeisung;Einspeisung;Boiler-Maximum-Kuehlphase (unten 52.2C, Einschalten erst <= ;0.0;68.0;5773.0;;44.0;52.2;56.7;56.3
2026-09-11 16:39:14;AUS;Einspeisung;Einspeisung;Boiler-Maximum-Kuehlphase (unten 52.1C, Einschalten erst <= ;0.0;68.0;4519.0;;44.0;52.1;56.7;56.2
2026-09-11 16:44:23;AUS;Einspeisung;Einspeisung;Boiler-Maximum-Kuehlphase (unten 52.1C, Einschalten erst <= ;0.0;68.0;2170.0;;44.0;52.1;56.7;56.2
2026-09-11 16:49:33;AUS;Einspeisung;Einspeisung;Boiler-Maximum-Kuehlphase (unten 52.0C, Einschalten erst <= ;0.0;68.0;1965.0;;44.0;52.0;56.6;56.2
2026-09-11 16:54:42;AUS;Einspeisung;Einspeisung;Boiler-Maximum-Kuehlphase (unten 51.9C, Einschalten erst <= ;0.0;68.0;2195.0;;44.0;51.9;56.6;56.2
2026-09-11 16:59:51;AUS;Einspeisung;Einspeisung;Boiler-Maximum-Kuehlphase (unten 51.9C, Einschalten erst <= ;0.0;68.0;2139.0;;44.0;51.9;56.6;56.2
2026-09-11 17:05:00;AUS;Einspeisung;Einspeisung;Boiler-Maximum-Kuehlphase (unten 51.9C, Einschalten erst <= ;0.0;68.0;2363.0;;44.0;51.9;56.6;56.2
2026-09-11 17:10:10;AUS;Einspeisung;Einspeisung;Boiler-Maximum-Kuehlphase (unten 51.8C, Einschalten erst <= ;0.0;68.0;2610.0;;44.0;51.8;56.6;56.1
2026-09-11 17:15:15;AUS;Einspeisung;Einspeisung;Boiler-Maximum-Kuehlphase (unten 51.8C, Einschalten erst <= ;0.0;68.0;1967.0;;44.0;51.8;56.6;56.1
2026-09-11 17:20:24;AUS;Einspeisung;Einspeisung;Boiler-Maximum-Kuehlphase (unten 51.7C, Einschalten erst <= ;0.0;68.0;1929.0;;44.0;51.7;56.6;56.1
2026-09-11 17:25:32;AUS;Einspeisung;Einspeisung;Boiler-Maximum-Kuehlphase (unten 51.6C, Einschalten erst <= ;0.0;68.0;1827.0;;44.0;51.6;56.5;56.1
2026-09-11 17:30:41;AUS;Einspeisung;Einspeisung;Boiler-Maximum-Kuehlphase (unten 51.6C, Einschalten erst <= ;0.0;68.0;2392.0;;44.0;51.6;56.5;56.1
2026-09-11 17:35:47;AUS;Einspeisung;Einspeisung;Boiler-Maximum-Kuehlphase (unten 51.5C, Einschalten erst <= ;0.0;68.0;3329.0;;44.0;51.5;56.5;56.1
2026-09-11 17:40:55;AUS;Einspeisung;Einspeisung;Boiler-Maximum-Kuehlphase (unten 51.4C, Einschalten erst <= ;0.0;68.0;3469.0;;44.0;51.4;56.5;56.1
2026-09-11 17:46:05;AUS;Einspeisung;Einspeisung;Boiler-Maximum-Kuehlphase (unten 51.4C, Einschalten erst <= ;0.0;68.0;3741.0;;44.0;51.4;56.4;56.1
2026-09-11 17:51:11;AUS;Einspeisung;Einspeisung;Boiler-Maximum-Kuehlphase (unten 51.4C, Einschalten erst <= ;0.0;68.0;2996.0;;44.0;51.4;56.4;56.0
2026-09-11 17:56:19;AUS;Einspeisung;Einspeisung;Boiler-Maximum-Kuehlphase (unten 51.3C, Einschalten erst <= ;0.0;68.0;2932.0;;44.0;51.3;56.4;56.0
2026-09-11 18:01:24;AUS;Einspeisung;Einspeisung;Boiler-Maximum-Kuehlphase (unten 51.2C, Einschalten erst <= ;0.0;68.0;1463.0;;44.0;51.2;56.4;56.0
2026-09-11 18:06:33;AUS;Einspeisung;Einspeisung;Boiler-Maximum-Kuehlphase (unten 51.2C, Einschalten erst <= ;0.0;68.0;888.0;;44.0;51.2;56.4;55.9
2026-09-11 18:11:41;AUS;Einspeisung;Einspeisung;Boiler-Maximum-Kuehlphase (unten 51.2C, Einschalten erst <= ;0.0;68.0;2780.0;;44.0;51.2;56.4;55.9
2026-09-11 18:16:46;AUS;Einspeisung;Einspeisung;Boiler-Maximum-Kuehlphase (unten 51.1C, Einschalten erst <= ;0.0;68.0;2470.0;;44.0;51.1;56.4;55.9
2026-09-11 18:21:55;AUS;Einspeisung;Einspeisung;Boiler-Maximum-Kuehlphase (unten 51.1C, Einschalten erst <= ;0.0;68.0;2480.0;;44.0;51.1;56.3;55.9
2026-09-11 18:27:00;AUS;Einspeisung;Einspeisung;Boiler-Maximum-Kuehlphase (unten 51.1C, Einschalten erst <= ;0.0;68.0;884.0;;44.0;51.1;56.3;55.9
2026-09-11 18:32:09;AUS;Einspeisung;Einspeisung;Boiler-Maximum-Kuehlphase (unten 51.0C, Einschalten erst <= ;0.0;68.0;215.0;;44.0;51.0;56.3;55.9
2026-09-11 18:37:18;AUS;Einspeisung;Einspeisung;Boiler-Maximum-Kuehlphase (unten 50.9C, Einschalten erst <= ;0.0;68.0;142.0;;44.0;50.9;56.3;55.9
2026-09-11 18:42:26;AUS;Einspeisung;Einspeisung;Boiler-Maximum-Kuehlphase (unten 50.9C, Einschalten erst <= ;0.0;68.0;357.0;;44.0;50.9;56.2;55.9
2026-09-11 18:47:31;AUS;Einspeisung;Einspeisung;Boiler-Maximum-Kuehlphase (unten 50.8C, Einschalten erst <= ;0.0;68.0;1452.0;;44.0;50.8;56.2;55.8
2026-09-11 18:52:39;AUS;Einspeisung;Einspeisung;Boiler-Maximum-Kuehlphase (unten 50.8C, Einschalten erst <= ;0.0;68.0;0.0;;44.0;50.8;56.2;55.8
2026-09-11 18:57:48;AUS;Einspeisung;Einspeisung;Boiler-Maximum-Kuehlphase (unten 50.7C, Einschalten erst <= ;0.0;68.0;0.0;;44.0;50.7;56.2;55.8
2026-09-11 19:02:53;AUS;Abweichung;Abweichung;Boiler-Maximum-Kuehlphase (unten 50.5C, Einschalten erst <= ;0.0;68.0;0.0;;44.0;50.5;56.2;55.8
2026-09-11 19:08:01;AUS;Abweichung;Abweichung;Boiler-Maximum-Kuehlphase (unten 50.4C, Einschalten erst <= ;0.0;68.0;0.0;;44.0;50.4;56.2;55.8
2026-09-11 19:13:09;AUS;Abweichung;Abweichung;Boiler-Maximum-Kuehlphase (unten 50.4C, Einschalten erst <= ;0.0;68.0;0.0;;44.0;50.4;56.2;55.8
2026-09-11 19:18:14;AUS;Abweichung;Abweichung;Boiler-Maximum-Kuehlphase (unten 50.3C, Einschalten erst <= ;0.0;68.0;0.0;;44.0;50.3;56.2;55.7
2026-09-11 19:23:22;AUS;Abweichung;Abweichung;Boiler-Maximum-Kuehlphase (unten 50.3C, Einschalten erst <= ;0.0;68.0;0.0;;44.0;50.3;56.2;55.7
2026-09-11 19:28:28;AUS;Abweichung;Abweichung;Boiler-Maximum-Kuehlphase (unten 50.2C, Einschalten erst <= ;0.0;68.0;0.0;;44.0;50.2;56.1;55.7
2026-09-11 19:33:36;AUS;Abweichung;Abweichung;Boiler-Maximum-Kuehlphase (unten 50.1C, Einschalten erst <= ;0.0;68.0;0.0;;44.0;50.1;56.1;55.6
2026-09-11 19:38:45;AUS;Abweichung;Abweichung;Boiler-Maximum-Kuehlphase (unten 49.9C, Einschalten erst <= ;0.0;68.0;0.0;;44.0;49.9;56.1;55.6
2026-09-11 19:43:54;AUS;Abweichung;Abweichung;Boiler-Maximum-Kuehlphase (unten 49.9C, Einschalten erst <= ;0.0;68.0;0.0;;44.0;49.9;56.1;55.6
2026-09-11 19:49:02;AUS;Abweichung;Abweichung;Boiler-Maximum-Kuehlphase (unten 49.8C, Einschalten erst <= ;0.0;68.0;0.0;;44.0;49.8;56.1;55.6
2026-09-11 19:54:09;AUS;Abweichung;Abweichung;Boiler-Maximum-Kuehlphase (unten 49.8C, Einschalten erst <= ;0.0;68.0;0.0;;44.0;49.8;56.1;55.6
2026-09-11 19:59:18;AUS;Abweichung;Abweichung;Boiler-Maximum-Kuehlphase (unten 49.7C, Einschalten erst <= ;0.0;68.0;0.0;;44.0;49.7;56.1;55.6
2026-09-11 20:04:26;AUS;Abweichung;Abweichung;Boiler-Maximum-Kuehlphase (unten 49.6C, Einschalten erst <= ;0.0;68.0;0.0;;44.0;49.6;56.1;55.6
2026-09-11 20:09:31;AUS;Abweichung;Abweichung;Boiler-Maximum-Kuehlphase (unten 49.6C, Einschalten erst <= ;0.0;68.0;0.0;;44.0;49.6;56.1;55.6
2026-09-11 20:14:39;AUS;Abweichung;Abweichung;Boiler-Maximum-Kuehlphase (unten 49.5C, Einschalten erst <= ;0.0;68.0;0.0;;44.0;49.5;56.1;55.6
2026-09-11 20:19:44;AUS;Abweichung;Abweichung;Boiler-Maximum-Kuehlphase (unten 49.5C, Einschalten erst <= ;0.0;68.0;0.0;;44.0;49.5;56.1;55.5
2026-09-11 20:24:52;AUS;Abweichung;Abweichung;Boiler-Maximum-Kuehlphase (unten 48.9C, Einschalten erst <= ;0.0;68.0;0.0;;44.0;48.9;56.0;55.5
2026-09-11 20:30:00;AUS;Abweichung;Abweichung;Boiler-Maximum-Kuehlphase (unten 48.7C, Einschalten erst <= ;0.0;68.0;0.0;;44.0;48.7;56.0;55.4
2026-09-11 20:35:06;AUS;;Keine Regel aktiv;;0.0;68.0;0.0;;;42.1;56.0;55.4
2026-09-11 20:40:14;AUS;;Keine Regel aktiv;;0.0;68.0;0.0;;;31.5;55.9;55.0
2026-09-11 20:45:22;AUS;;Keine Regel aktiv;;0.0;68.0;0.0;;;31.1;55.9;54.9
2026-09-11 20:50:27;AUS;;Keine Regel aktiv;;0.0;68.0;0.0;;;31.2;55.9;54.9
2026-09-11 20:55:35;AUS;;Keine Regel aktiv;;0.0;68.0;0.0;;;31.4;55.9;54.9
2026-09-11 21:00:44;AUS;;Keine Regel aktiv;;0.0;68.0;0.0;;;31.6;55.9;54.8
2026-09-11 21:05:49;AUS;;Keine Regel aktiv;;0.0;68.0;0.0;;;31.7;55.9;54.8
2026-09-11 21:10:58;AUS;;Keine Regel aktiv;;0.0;68.0;0.0;;;31.8;55.9;54.8
2026-09-11 21:16:07;AUS;;Keine Regel aktiv;;0.0;68.0;0.0;;;31.9;55.8;54.8
2026-09-11 21:21:15;AUS;;Keine Regel aktiv;;0.0;68.0;0.0;;;32.1;55.8;54.8
2026-09-11 21:26:24;AUS;;Keine Regel aktiv;;0.0;68.0;0.0;;;32.0;55.8;54.7
2026-09-11 21:31:29;AUS;;Keine Regel aktiv;;0.0;68.0;0.0;;;32.1;55.8;54.7
2026-09-11 21:36:37;AUS;;Keine Regel aktiv;;0.0;68.0;0.0;;;32.1;55.8;54.6
2026-09-11 21:41:46;AUS;;Keine Regel aktiv;;0.0;68.0;0.0;;;32.2;55.8;54.6
2026-09-11 21:46:54;AUS;;Keine Regel aktiv;;0.0;68.0;0.0;;;32.3;55.8;54.6
2026-09-11 21:52:03;AUS;;Keine Regel aktiv;;0.0;68.0;0.0;;;32.4;55.7;54.6
2026-09-11 21:57:11;AUS;;Keine Regel aktiv;;0.0;68.0;0.0;;;32.4;55.7;54.5
2026-09-11 22:02:19;AUS;;Keine Regel aktiv;;0.0;68.0;0.0;;;32.4;55.7;54.5
2026-09-11 22:07:26;AUS;;Keine Regel aktiv;;0.0;68.0;0.0;;;32.5;55.7;54.5
2026-09-11 22:12:35;AUS;;Keine Regel aktiv;;0.0;68.0;0.0;;;32.6;55.6;54.4
2026-09-11 22:17:44;AUS;;Keine Regel aktiv;;0.0;68.0;0.0;;;32.6;55.6;54.4
2026-09-11 22:22:50;AUS;;Keine Regel aktiv;;0.0;68.0;0.0;;;32.6;55.6;54.4
2026-09-11 22:27:59;AUS;;Keine Regel aktiv;;0.0;68.0;0.0;;;32.7;55.6;54.4
2026-09-11 22:33:04;AUS;;Keine Regel aktiv;;0.0;68.0;0.0;;;32.8;55.6;54.4
2026-09-11 22:38:12;AUS;;Keine Regel aktiv;;0.0;68.0;0.0;;;32.8;55.6;54.3
2026-09-11 22:43:17;AUS;;Keine Regel aktiv;;0.0;68.0;0.0;;;32.8;55.6;54.3
2026-09-11 22:48:26;AUS;;Keine Regel aktiv;;0.0;68.0;0.0;;;32.6;55.5;54.2
2026-09-11 22:53:35;AUS;;Keine Regel aktiv;;0.0;68.0;0.0;;;32.1;55.5;54.2
2026-09-11 22:58:44;AUS;;Keine Regel aktiv;;0.0;68.0;0.0;;;32.1;55.5;54.1
2026-09-11 23:03:53;AUS;;Keine Regel aktiv;;0.0;68.0;0.0;;;32.2;55.4;54.1
2026-09-11 23:08:59;AUS;;Keine Regel aktiv;;0.0;68.0;0.0;;;32.2;55.4;54.1
2026-09-11 23:14:08;AUS;;Keine Regel aktiv;;0.0;68.0;0.0;;;32.2;55.4;54.1
2026-09-11 23:19:17;AUS;;Keine Regel aktiv;;0.0;68.0;0.0;;;32.2;55.4;54.0
2026-09-11 23:24:23;AUS;;Keine Regel aktiv;;0.0;68.0;0.0;;;32.2;55.4;54.0
2026-09-11 23:29:31;AUS;;Keine Regel aktiv;;0.0;68.0;0.0;;;32.3;55.4;53.9
2026-09-11 23:34:37;AUS;;Keine Regel aktiv;;0.0;68.0;0.0;;;32.3;55.4;53.9
2026-09-11 23:39:45;AUS;;Keine Regel aktiv;;0.0;68.0;0.0;;;32.4;55.4;53.9
2026-09-11 23:44:51;AUS;;Keine Regel aktiv;;0.0;68.0;0.0;;;32.4;55.3;53.9
2026-09-11 23:49:59;AUS;;Keine Regel aktiv;;0.0;68.0;0.0;;;32.4;55.3;53.9
2026-09-11 23:55:07;AUS;;Keine Regel aktiv;;0.0;68.0;0.0;;;32.4;55.3;53.8
2026-09-12 00:00:12;AUS;Wochenende;Keine Regel aktiv;;0.0;68.0;0.0;;;32.4;55.3;53.8
2026-09-12 00:05:21;AUS;Wochenende;Wochenende;;0.0;68.0;0.0;;;32.4;55.2;53.8
2026-09-12 00:10:28;AUS;Wochenende;Wochenende;;0.0;68.0;0.0;;;32.5;55.2;53.8
2026-09-12 00:15:33;AUS;Wochenende;Wochenende;;0.0;68.0;0.0;;;32.5;55.2;53.8
2026-09-12 00:20:42;AUS;Wochenende;Wochenende;;0.0;68.0;0.0;;;32.5;55.2;53.7
2026-09-12 00:25:50;AUS;Wochenende;Wochenende;;0.0;68.0;0.0;;;32.6;55.2;53.7
2026-09-12 00:30:55;AUS;Wochenende;Wochenende;;0.0;68.0;0.0;;;32.6;55.2;53.7
2026-09-12 00:36:04;AUS;Wochenende;Wochenende;;0.0;68.0;0.0;;;32.6;55.1;53.7
2026-09-12 00:41:09;AUS;Wochenende;Wochenende;;0.0;68.0;0.0;;;32.6;55.2;53.6
2026-09-12 00:46:17;AUS;Wochenende;Wochenende;;0.0;68.0;0.0;;;32.6;55.1;53.6
2026-09-12 00:51:26;AUS;Wochenende;Wochenende;;0.0;68.0;0.0;;;32.6;55.1;53.6
2026-09-12 00:56:32;AUS;Wochenende;Wochenende;;0.0;68.0;0.0;;;32.6;55.1;53.5
2026-09-12 01:01:41;AUS;Wochenende;Wochenende;;0.0;68.0;0.0;;;32.7;55.1;53.5
2026-09-12 01:06:50;AUS;Wochenende;Wochenende;;0.0;68.0;0.0;;;32.7;55.1;53.5
2026-09-12 01:11:58;AUS;Wochenende;Wochenende;;0.0;68.0;0.0;;;32.7;55.1;53.4
2026-09-12 01:17:04;AUS;Wochenende;Wochenende;;0.0;68.0;0.0;;;32.7;55.0;53.4
2026-09-12 01:22:14;AUS;Wochenende;Wochenende;;0.0;68.0;0.0;;;32.8;55.0;53.4
2026-09-12 01:27:22;AUS;Wochenende;Wochenende;;0.0;68.0;0.0;;;32.8;54.9;53.4
2026-09-12 01:32:31;AUS;Wochenende;Wochenende;;0.0;68.0;0.0;;;32.8;54.9;53.4
2026-09-12 01:37:38;AUS;Wochenende;Wochenende;;0.0;68.0;0.0;;;32.8;54.9;53.3
2026-09-12 01:42:47;AUS;Wochenende;Wochenende;;0.0;68.0;0.0;;;32.8;54.9;53.3
2026-09-12 01:47:56;AUS;Wochenende;Wochenende;;0.0;68.0;0.0;;;32.8;54.9;53.2
2026-09-12 01:53:06;AUS;Wochenende;Wochenende;;0.0;68.0;0.0;;;32.8;54.9;53.2
2026-09-12 01:58:15;AUS;Wochenende;Wochenende;;0.0;68.0;0.0;;;32.8;54.9;53.2
2026-09-12 02:03:20;AUS;Wochenende;Wochenende;;0.0;68.0;0.0;;;32.8;54.9;53.2
2026-09-12 02:08:29;AUS;Wochenende;Wochenende;;0.0;68.0;0.0;;;32.9;54.8;53.2
2026-09-12 02:13:35;AUS;Wochenende;Wochenende;;0.0;68.0;0.0;;;32.9;54.8;53.2
2026-09-12 02:18:44;AUS;Wochenende;Wochenende;;0.0;68.0;0.0;;;32.8;54.8;53.1
2026-09-12 02:23:52;AUS;Wochenende;Wochenende;;0.0;68.0;0.0;;;32.9;54.8;53.1
2026-09-12 02:28:57;AUS;Wochenende;Wochenende;;0.0;68.0;0.0;;;32.9;54.8;53.1
2026-09-12 02:34:05;AUS;Wochenende;Wochenende;;0.0;68.0;0.0;;;32.9;54.8;53.1
2026-09-12 02:39:13;AUS;Wochenende;Wochenende;;0.0;68.0;0.0;;;32.9;54.8;53.0
2026-09-12 02:44:18;AUS;Wochenende;Wochenende;;0.0;68.0;0.0;;;32.9;54.8;53.0
2026-09-12 02:49:27;AUS;Wochenende;Wochenende;;0.0;68.0;0.0;;;32.9;54.7;53.0
2026-09-12 02:54:32;AUS;Wochenende;Wochenende;;0.0;68.0;0.0;;;32.9;54.7;52.9
2026-09-12 02:59:40;AUS;Wochenende;Wochenende;;0.0;68.0;0.0;;;32.9;54.7;52.9
2026-09-12 03:04:45;AUS;Wochenende;Wochenende;;0.0;68.0;0.0;;;33.0;54.6;52.9
2026-09-12 03:09:54;AUS;Wochenende;Wochenende;;0.0;68.0;0.0;;;32.9;54.6;52.9
2026-09-12 03:15:02;AUS;Wochenende;Wochenende;;0.0;68.0;0.0;;;33.0;54.6;52.9
2026-09-12 03:20:13;AUS;Wochenende;Wochenende;;0.0;68.0;0.0;;;33.0;54.6;52.8
2026-09-12 03:25:19;AUS;Wochenende;Wochenende;;0.0;68.0;0.0;;;33.0;54.6;52.8
2026-09-12 03:30:27;AUS;Wochenende;Wochenende;;0.0;68.0;0.0;;;33.0;54.6;52.8
2026-09-12 03:35:35;AUS;Wochenende;Wochenende;;0.0;68.0;0.0;;;33.0;54.6;52.8
2026-09-12 03:40:41;AUS;Wochenende;Wochenende;;0.0;68.0;0.0;;;33.1;54.5;52.7
2026-09-12 03:45:49;AUS;Wochenende;Wochenende;;0.0;68.0;0.0;;;33.1;54.5;52.7
2026-09-12 03:50:58;AUS;Wochenende;Wochenende;;0.0;68.0;0.0;;;33.0;54.5;52.6
2026-09-12 03:56:04;AUS;Wochenende;Wochenende;;0.0;68.0;0.0;;;33.1;54.4;52.6
2026-09-12 04:01:12;AUS;Wochenende;Wochenende;;0.0;68.0;0.0;;;33.1;54.5;52.6
2026-09-12 04:06:20;AUS;Wochenende;Wochenende;;0.0;68.0;0.0;;;33.1;54.4;52.6
2026-09-12 04:11:27;AUS;Wochenende;Wochenende;;0.0;68.0;0.0;;;33.1;54.4;52.6
2026-09-12 04:16:33;AUS;Wochenende;Wochenende;;0.0;68.0;0.0;;;33.1;54.4;52.6
2026-09-12 04:21:41;AUS;Wochenende;Wochenende;;0.0;68.0;0.0;;;33.1;54.4;52.5
2026-09-12 04:26:46;AUS;Wochenende;Wochenende;;0.0;68.0;0.0;;;33.1;54.4;52.5
2026-09-12 04:31:54;AUS;Wochenende;Wochenende;;0.0;68.0;0.0;;;33.1;54.4;52.4
2026-09-12 04:37:02;AUS;Wochenende;Wochenende;;0.0;68.0;0.0;;;33.1;54.3;52.4
2026-09-12 04:42:08;AUS;Wochenende;Wochenende;;0.0;68.0;0.0;;;33.1;54.3;52.4
2026-09-12 04:47:16;AUS;Wochenende;Wochenende;;0.0;68.0;0.0;;;33.1;54.3;52.4
2026-09-12 04:52:22;AUS;Wochenende;Wochenende;;0.0;68.0;0.0;;;33.1;54.3;52.3
2026-09-12 04:57:31;AUS;Wochenende;Wochenende;;0.0;68.0;0.0;;;33.2;54.2;52.3
2026-09-12 05:02:40;AUS;Wochenende;Wochenende;;0.0;68.0;0.0;;;33.2;54.2;52.3
2026-09-12 05:07:47;AUS;Wochenende;Wochenende;;0.0;68.0;0.0;;;33.1;54.2;52.2
2026-09-12 05:12:56;AUS;Wochenende;Wochenende;;0.0;68.0;0.0;;;33.1;54.2;52.2
2026-09-12 05:18:04;AUS;Wochenende;Wochenende;;0.0;68.0;0.0;;;33.2;54.2;52.2
2026-09-12 05:23:13;AUS;Wochenende;Wochenende;;0.0;68.0;0.0;;;33.2;54.2;52.2
2026-09-12 05:28:23;AUS;Wochenende;Wochenende;;0.0;68.0;0.0;;;33.2;54.2;52.2
2026-09-12 05:33:30;AUS;Wochenende;Wochenende;;0.0;68.0;0.0;;;33.2;54.1;52.1
2026-09-12 05:38:39;AUS;Wochenende;Wochenende;;0.0;68.0;0.0;;;33.2;54.2;52.1
2026-09-12 05:43:47;AUS;Wochenende;Wochenende;;0.0;68.0;0.0;;;33.2;54.1;52.1
2026-09-12 05:48:53;AUS;Wochenende;Wochenende;;0.0;68.0;0.0;;;33.2;54.1;52.1
2026-09-12 05:54:02;AUS;Wochenende;Wochenende;;0.0;68.0;0.0;;;33.2;54.1;52.1
2026-09-12 05:59:11;AUS;Wochenende;Wochenende;;0.0;68.0;0.0;;;33.2;54.1;52.0
2026-09-12 06:04:17;AUS;Wochenende;Wochenende;;0.0;68.0;0.0;;;33.2;54.1;52.0
2026-09-12 06:09:25;AUS;Wochenende;Wochenende;;0.0;68.0;0.0;;;33.2;54.0;51.9
2026-09-12 06:14:34;AUS;Wochenende;Wochenende;;0.0;68.0;0.0;;;33.2;54.0;51.9
2026-09-12 06:19:39;AUS;Wochenende;Wochenende;;0.0;68.0;0.0;;;33.2;54.0;51.9
2026-09-12 06:24:47;AUS;Wochenende;Wochenende;;0.0;68.0;0.0;;;33.3;54.0;51.9
2026-09-12 06:29:52;AUS;Wochenende;Wochenende;;0.0;68.0;0.0;;;33.2;54.0;51.9
2026-09-12 06:35:01;AUS;Wochenende;Wochenende;;0.0;68.0;0.0;;;33.2;53.9;51.8
2026-09-12 06:40:10;AUS;Wochenende;Wochenende;;0.0;68.0;0.0;;;33.3;53.9;51.8
2026-09-12 06:45:19;AUS;Wochenende;Wochenende;;0.0;68.0;0.0;;;33.3;53.9;51.8
2026-09-12 06:50:25;AUS;Wochenende;Wochenende;;0.0;68.0;0.0;;;33.2;53.9;51.8
2026-09-12 06:55:34;AUS;Wochenende;Wochenende;;0.0;68.0;0.0;;;33.3;53.9;51.8
2026-09-12 07:00:46;AUS;Wochenende;Wochenende;;0.0;68.0;0.0;;;33.2;53.9;51.7
2026-09-12 07:05:54;AUS;Wochenende;Wochenende;;0.0;68.0;0.0;;;33.3;53.8;51.7
2026-09-12 07:11:00;AUS;Wochenende;Wochenende;;0.0;68.0;0.0;;;33.3;53.8;51.7
2026-09-12 07:16:09;AUS;Wochenende;Wochenende;;0.0;68.0;0.0;;;33.3;53.8;51.6
2026-09-12 07:21:18;AUS;Wochenende;Wochenende;;0.0;68.0;0.0;;;33.3;53.8;51.6
2026-09-12 07:26:27;AUS;Wochenende;Wochenende;;0.0;68.0;0.0;;;33.4;53.8;51.6
2026-09-12 07:31:32;AUS;Wochenende;Wochenende;;0.0;68.0;0.0;;;33.3;53.8;51.6
2026-09-12 07:36:41;AUS;Wochenende;Wochenende;;0.0;68.0;0.0;;;33.4;53.7;51.5
2026-09-12 07:41:50;AUS;Wochenende;Wochenende;;0.0;68.0;0.0;;;33.4;53.7;51.5
2026-09-12 07:46:55;AUS;Wochenende;Wochenende;;0.0;68.0;0.0;;;33.4;53.8;51.5
2026-09-12 07:52:03;AUS;Wochenende;Wochenende;;0.0;68.0;0.0;;;33.4;53.7;51.4
2026-09-12 07:57:12;AUS;Wochenende;Wochenende;;0.0;68.0;0.0;;;33.4;53.7;51.4
2026-09-12 08:02:20;AUS;Wochenende;Wochenende;;0.0;71.0;0.0;;44.0;33.4;53.6;51.4
2026-09-12 08:07:26;AUS;Wochenende;Wochenende;;0.0;72.0;0.0;;44.0;33.4;53.6;51.4
2026-09-12 08:12:35;AUS;Wochenende;Wochenende;;0.0;72.0;0.0;;44.0;33.4;53.6;51.3
2026-09-12 08:17:45;AUS;Wochenende;Wochenende;;0.0;73.0;0.0;;44.0;33.4;53.6;51.3
2026-09-12 08:22:54;AUS;Wochenende;Wochenende;;0.0;73.0;0.0;;44.0;33.4;53.6;51.3
2026-09-12 08:28:03;AUS;Wochenende;Wochenende;;0.0;74.0;0.0;;44.0;33.4;53.6;51.2
2026-09-12 08:33:08;AUS;Wochenende;Wochenende;;0.0;74.0;0.0;;44.0;33.2;53.6;51.2
2026-09-12 08:38:16;AUS;Wochenende;Wochenende;;0.0;75.0;0.0;;44.0;33.1;53.6;51.1
2026-09-12 08:43:24;AUS;Wochenende;Wochenende;;0.0;76.0;0.0;;44.0;33.0;53.6;51.0
2026-09-12 08:48:29;AUS;Wochenende;Wochenende;;0.0;76.0;0.0;;44.0;33.0;53.5;51.0
2026-09-12 08:53:37;AUS;Wochenende;Wochenende;;0.0;75.0;0.0;;44.0;32.9;53.5;50.9
2026-09-12 08:58:42;AUS;Wochenende;Wochenende;;0.0;76.0;0.0;;44.0;32.9;53.5;50.9
2026-09-12 09:03:51;EIN;Abweichung;Abweichung;;0.0;77.0;0.0;;44.0;33.2;53.5;50.8
2026-09-12 09:08:59;EIN;Abweichung;Abweichung;;0.0;79.0;0.0;;44.0;35.6;53.5;50.8
2026-09-12 09:14:04;EIN;Abweichung;Abweichung;;0.0;80.0;0.0;;44.0;38.3;53.4;50.8
2026-09-12 09:19:12;AUS;;Keine Regel aktiv;;0.0;82.0;0.0;;44.0;40.0;53.4;50.8
2026-09-12 09:24:20;AUS;;Keine Regel aktiv;;0.0;88.0;0.0;;44.0;39.9;53.4;50.7
2026-09-12 09:29:26;EIN;AdaptivePV;Batterie;;3789.0;90.0;3789.0;5.0;44.0;38.4;53.4;50.3
2026-09-12 09:34:36;EIN;AdaptivePV;AdaptivePV;;3825.0;90.0;3825.0;5.0;44.0;40.6;53.4;50.1
2026-09-12 09:39:46;EIN;AdaptivePV;AdaptivePV;;4011.0;90.0;4011.0;5.0;44.0;42.4;53.4;50.1
2026-09-12 09:44:52;EIN;AdaptivePV;AdaptivePV;;3976.0;90.0;3976.0;5.0;44.0;43.8;53.4;49.9
2026-09-12 09:50:00;EIN;AdaptivePV;AdaptivePV;;4007.0;90.0;4007.0;;44.0;45.1;53.3;49.8
2026-09-12 09:55:09;EIN;AdaptivePV;AdaptivePV;;2468.0;90.0;2468.0;;44.0;46.3;53.3;49.4
2026-09-12 10:00:14;EIN;AdaptivePV;AdaptivePV;;2343.0;90.0;2343.0;;44.0;47.4;53.3;49.2
2026-09-12 10:05:23;AUS;Einspeisung;Einspeisung;Boiler-Max-Naehe (unten 48.3C, Einschalten erst < 46.0C);2343.0;90.0;2997.0;;44.0;48.3;53.3;49.6
2026-09-12 10:10:28;AUS;Einspeisung;Einspeisung;Boiler-Max-Naehe (unten 48.1C, Einschalten erst < 46.0C);2343.0;90.0;5015.0;;44.0;48.1;53.2;49.6
2026-09-12 10:15:37;AUS;Batterie;Batterie;Boiler-Max-Naehe (unten 47.8C, Einschalten erst < 46.0C);2343.0;90.0;5215.0;;44.0;47.8;53.2;49.6
2026-09-12 10:20:45;AUS;Batterie;Batterie;Boiler-Max-Naehe (unten 47.4C, Einschalten erst < 46.0C);2343.0;90.0;5483.0;;44.0;47.4;53.2;49.6
2026-09-12 10:25:50;AUS;Batterie;Batterie;Boiler-Max-Naehe (unten 47.1C, Einschalten erst < 46.0C);2343.0;90.0;5666.0;;44.0;47.1;53.2;49.6
2026-09-12 10:30:58;AUS;Komfort;Komfort;Boiler-Max-Naehe (unten 46.9C, Einschalten erst < 46.0C);2343.0;90.0;5770.0;;44.0;46.9;53.2;49.6
2026-09-12 10:36:03;AUS;Komfort;Komfort;Boiler-Max-Naehe (unten 46.6C, Einschalten erst < 46.0C);2343.0;90.0;6032.0;;44.0;46.6;53.2;49.6
2026-09-12 10:41:11;AUS;Komfort;Komfort;Boiler-Max-Naehe (unten 46.3C, Einschalten erst < 46.0C);2343.0;90.0;6003.0;;44.0;46.3;53.2;49.6
2026-09-12 10:46:20;AUS;Komfort;Komfort;Boiler-Max-Naehe (unten 46.1C, Einschalten erst < 46.0C);2343.0;90.0;6275.0;;44.0;46.1;53.1;49.6
2026-09-12 10:51:25;AUS;Komfort;Komfort;;2343.0;90.0;6277.0;;44.0;45.6;53.1;49.6
2026-09-12 10:56:33;AUS;Komfort;Komfort;;2343.0;90.0;6446.0;;44.0;45.1;53.1;49.6
2026-09-12 11:01:38;EIN;AdaptivePV;AdaptivePV;;6097.0;90.0;6097.0;;44.0;45.5;53.1;49.6
2026-09-12 11:06:47;EIN;AdaptivePV;AdaptivePV;;6191.0;90.0;6191.0;;44.0;47.9;53.1;49.6
2026-09-12 11:11:56;AUS;Einspeisung;Einspeisung;Boiler-Max-Naehe (unten 48.6C, Einschalten erst < 46.0C);6191.0;90.0;6745.0;;44.0;48.6;53.1;49.9
2026-09-12 11:17:02;AUS;Einspeisung;Einspeisung;Boiler-Max-Naehe (unten 48.2C, Einschalten erst < 46.0C);6191.0;90.0;6648.0;;44.0;48.2;53.1;49.9
2026-09-12 11:22:11;AUS;Batterie;Batterie;Boiler-Max-Naehe (unten 47.5C, Einschalten erst < 46.0C);6191.0;90.0;6139.0;;44.0;47.5;53.1;49.9
2026-09-12 11:27:19;AUS;Komfort;Komfort;Boiler-Max-Naehe (unten 46.6C, Einschalten erst < 46.0C);6191.0;90.0;7242.0;;44.0;46.6;53.1;49.9
2026-09-12 11:32:24;AUS;Komfort;Komfort;;6191.0;90.0;7194.0;;44.0;45.9;53.1;49.9
2026-09-12 11:37:32;EIN;Einspeisung;Einspeisung;;7355.0;90.0;7355.0;;44.0;44.4;53.0;49.9
2026-09-12 11:42:40;EIN;AdaptivePV;Einspeisung;;5947.0;90.0;5947.0;;44.0;45.6;53.0;49.8
2026-09-12 11:47:45;AUS;Einspeisung;Einspeisung;;5947.0;90.0;6287.0;;44.0;48.1;53.0;49.9
2026-09-12 11:52:54;AUS;Einspeisung;Einspeisung;Boiler-Max-Naehe (unten 48.2C, Einschalten erst < 46.0C);5947.0;90.0;7325.0;;44.0;48.2;52.9;50.1
2026-09-12 11:58:02;AUS;Einspeisung;AdaptivePV;Min. Pause (noch 4m 42s);7741.0;90.0;7741.0;;44.0;44.4;52.9;50.1
2026-09-12 12:03:09;EIN;Einspeisung;Einspeisung;;7559.0;90.0;7559.0;5.0;44.0;41.5;52.9;50.1
2026-09-12 12:08:17;EIN;Einspeisung;Einspeisung;;7470.0;90.0;7470.0;5.0;44.0;43.4;52.9;50.1
2026-09-12 12:13:25;EIN;Einspeisung;Einspeisung;;7398.0;90.0;7398.0;;44.0;45.2;52.9;50.1
2026-09-12 12:18:30;EIN;Einspeisung;Einspeisung;;7523.0;90.0;7523.0;;44.0;47.9;52.9;50.2
2026-09-12 12:23:39;AUS;Einspeisung;Einspeisung;Boiler-Max-Naehe (unten 48.3C, Einschalten erst < 46.0C);7523.0;90.0;7575.0;;44.0;48.3;52.9;50.3
2026-09-12 12:28:44;AUS;Einspeisung;Einspeisung;Boiler-Max-Naehe (unten 47.6C, Einschalten erst < 46.0C);7523.0;90.0;7568.0;;44.0;47.6;52.9;50.4
2026-09-12 12:33:52;AUS;Komfort;Einspeisung;Boiler-Max-Naehe (unten 46.7C, Einschalten erst < 46.0C);7523.0;90.0;7492.0;;44.0;46.7;52.8;50.4
2026-09-12 12:39:00;AUS;Komfort;Komfort;;7523.0;90.0;7373.0;;44.0;45.6;52.8;50.3
2026-09-12 12:44:07;AUS;AdaptivePV;Komfort;;7163.0;90.0;7163.0;;44.0;44.9;52.8;50.3
2026-09-12 12:49:15;EIN;Einspeisung;Einspeisung;;7568.0;90.0;7568.0;;44.0;46.5;52.8;50.3
2026-09-12 12:54:24;AUS;Einspeisung;Einspeisung;;7568.0;90.0;7027.0;;44.0;48.8;52.8;50.4
2026-09-12 12:59:29;AUS;Einspeisung;Einspeisung;Boiler-Max-Naehe (unten 49.0C, Einschalten erst < 46.0C);7568.0;90.0;4548.0;;44.0;49.0;52.8;50.6
2026-09-12 13:04:37;AUS;Einspeisung;Batterie;Boiler-Max-Naehe (unten 47.2C, Einschalten erst < 46.0C);7568.0;90.0;7570.0;;44.0;47.2;52.8;50.7
2026-09-12 13:09:45;EIN;Einspeisung;Einspeisung;;7569.0;90.0;7569.0;4.0;44.0;41.5;52.8;50.6
2026-09-12 13:14:51;EIN;Einspeisung;Einspeisung;;7564.0;90.0;7564.0;4.0;44.0;42.9;52.7;50.6
2026-09-12 13:20:00;EIN;Einspeisung;Einspeisung;;7569.0;90.0;7569.0;;44.0;46.2;52.7;50.6
2026-09-12 13:25:09;AUS;Einspeisung;Einspeisung;Boiler-Max-Naehe (unten 48.6C, Einschalten erst < 46.0C);7569.0;90.0;7550.0;;44.0;48.6;52.6;50.7
2026-09-12 13:30:15;EIN;AdaptivePV;Einspeisung;;5732.0;90.0;5732.0;4.0;44.0;42.6;52.6;50.8
2026-09-12 13:35:24;EIN;Einspeisung;AdaptivePV;;7588.0;90.0;7588.0;;44.0;45.5;52.6;50.7
2026-09-12 13:40:33;AUS;Einspeisung;Einspeisung;Boiler-Max-Naehe (unten 48.3C, Einschalten erst < 46.0C);7588.0;90.0;7487.0;;44.0;48.3;52.6;50.8
2026-09-12 13:45:38;AUS;Einspeisung;Einspeisung;Boiler-Max-Naehe (unten 48.2C, Einschalten erst < 46.0C);7588.0;90.0;7577.0;;44.0;48.2;52.6;50.9
2026-09-12 13:50:46;AUS;Einspeisung;Einspeisung;Boiler-Max-Naehe (unten 47.7C, Einschalten erst < 46.0C);7588.0;90.0;7560.0;;44.0;47.7;52.5;50.9
2026-09-12 13:55:55;AUS;Einspeisung;Einspeisung;Boiler-Max-Naehe (unten 47.1C, Einschalten erst < 46.0C);7588.0;90.0;7553.0;;44.0;47.1;52.6;50.9
2026-09-12 14:01:00;AUS;Einspeisung;Einspeisung;Boiler-Max-Naehe (unten 46.6C, Einschalten erst < 46.0C);7588.0;90.0;7548.0;;44.0;46.6;52.5;50.9
2026-09-12 14:06:08;AUS;Einspeisung;Einspeisung;Boiler-Max-Naehe (unten 46.2C, Einschalten erst < 46.0C);7588.0;90.0;7561.0;;44.0;46.2;52.5;50.8
2026-09-12 14:11:16;EIN;Einspeisung;Einspeisung;;7567.0;90.0;7567.0;;44.0;46.1;52.5;50.8
2026-09-12 14:16:23;EIN;Einspeisung;Einspeisung;Regel 'Einspeisung' sagt AUS, warte auf Mindestlaufzeit (noc;7567.0;90.0;5762.0;;44.0;48.4;52.4;50.8
2026-09-12 14:21:32;AUS;Einspeisung;Einspeisung;Boiler-Maximum-Kuehlphase (unten 49.5C, Einschalten erst <= ;7567.0;90.0;6205.0;;44.0;49.5;52.4;51.0
2026-09-12 14:26:40;AUS;Einspeisung;Einspeisung;Boiler-Maximum-Kuehlphase (unten 49.0C, Einschalten erst <= ;7567.0;90.0;6270.0;;44.0;49.0;52.4;51.0
2026-09-12 14:31:45;AUS;Einspeisung;Einspeisung;Boiler-Maximum-Kuehlphase (unten 48.5C, Einschalten erst <= ;7567.0;90.0;7564.0;;44.0;48.5;52.4;50.9
2026-09-12 14:36:54;AUS;Einspeisung;Einspeisung;Boiler-Maximum-Kuehlphase (unten 47.9C, Einschalten erst <= ;7567.0;90.0;7571.0;;44.0;47.9;52.4;51.0
2026-09-12 14:42:02;AUS;Einspeisung;Einspeisung;Boiler-Maximum-Kuehlphase (unten 47.4C, Einschalten erst <= ;7567.0;90.0;7566.0;;44.0;47.4;52.4;51.0
2026-09-12 14:47:09;AUS;Einspeisung;Einspeisung;Boiler-Max-Naehe (unten 46.7C, Einschalten erst < 46.0C);7567.0;90.0;7578.0;;44.0;46.7;52.4;50.9
2026-09-12 14:52:18;AUS;Einspeisung;Einspeisung;Boiler-Max-Naehe (unten 46.2C, Einschalten erst < 46.0C);7567.0;90.0;7574.0;;44.0;46.2;52.3;50.9
2026-09-12 14:57:27;EIN;Einspeisung;Einspeisung;;7571.0;90.0;7571.0;;44.0;46.4;52.3;50.9
2026-09-12 15:02:32;AUS;Einspeisung;Einspeisung;Boiler-Maximum (unten 49.0C >= 49.0C);7571.0;90.0;7269.0;;44.0;49.0;52.3;50.9
2026-09-12 15:07:40;AUS;Einspeisung;Einspeisung;Boiler-Maximum-Kuehlphase (unten 49.6C, Einschalten erst <= ;7571.0;90.0;7616.0;;44.0;49.6;52.2;51.1
2026-09-12 15:12:50;AUS;Einspeisung;Einspeisung;Boiler-Maximum-Kuehlphase (unten 49.1C, Einschalten erst <= ;7571.0;90.0;7570.0;;44.0;49.1;52.2;51.1
2026-09-12 15:17:55;AUS;Einspeisung;Einspeisung;Boiler-Maximum-Kuehlphase (unten 48.7C, Einschalten erst <= ;7571.0;90.0;7601.0;;44.0;48.7;52.2;51.1
2026-09-12 15:23:03;AUS;Einspeisung;Einspeisung;Boiler-Maximum-Kuehlphase (unten 48.3C, Einschalten erst <= ;7571.0;90.0;7562.0;;44.0;48.3;52.2;51.1
2026-09-12 15:28:11;AUS;Batterie;Einspeisung;Boiler-Maximum-Kuehlphase (unten 47.9C, Einschalten erst <= ;7571.0;90.0;7348.0;;44.0;47.9;52.2;51.0
2026-09-12 15:33:17;AUS;Batterie;Batterie;Boiler-Maximum-Kuehlphase (unten 47.6C, Einschalten erst <= ;7571.0;90.0;7334.0;;44.0;47.6;52.2;51.0
2026-09-12 15:38:25;AUS;Batterie;Batterie;Boiler-Maximum-Kuehlphase (unten 47.2C, Einschalten erst <= ;7571.0;90.0;7234.0;;44.0;47.2;52.1;51.0
2026-09-12 15:43:34;AUS;Batterie;Batterie;Boiler-Max-Naehe (unten 47.0C, Einschalten erst < 46.0C);7571.0;90.0;7097.0;;44.0;47.0;52.1;51.0
2026-09-12 15:48:39;AUS;Komfort;Komfort;Boiler-Max-Naehe (unten 46.8C, Einschalten erst < 46.0C);7571.0;90.0;7081.0;;44.0;46.8;52.1;51.0
2026-09-12 15:53:47;AUS;Komfort;Komfort;Boiler-Max-Naehe (unten 46.5C, Einschalten erst < 46.0C);7571.0;90.0;6900.0;;44.0;46.5;52.1;50.9
2026-09-12 15:58:52;AUS;Komfort;Komfort;Boiler-Max-Naehe (unten 46.3C, Einschalten erst < 46.0C);7571.0;90.0;6767.0;;44.0;46.3;52.1;50.9
2026-09-12 16:04:01;AUS;Komfort;Komfort;;7571.0;90.0;6710.0;;44.0;45.8;52.0;50.9
2026-09-12 16:09:09;AUS;Komfort;Komfort;;7571.0;90.0;6619.0;;44.0;45.6;52.0;50.9
2026-09-12 16:14:14;AUS;Komfort;Komfort;;7571.0;90.0;6515.0;;44.0;45.4;52.0;50.9
2026-09-12 16:19:22;AUS;Komfort;Komfort;;7571.0;90.0;6056.0;;44.0;45.2;52.0;50.9
2026-09-12 16:24:28;EIN;AdaptivePV;AdaptivePV;;5304.0;90.0;5304.0;;44.0;45.2;51.9;50.9
2026-09-12 16:29:36;EIN;AdaptivePV;AdaptivePV;;4894.0;90.0;4894.0;;44.0;47.9;51.9;50.9
2026-09-12 16:34:45;AUS;Einspeisung;Einspeisung;Boiler-Max-Naehe (unten 49.5C, Einschalten erst < 46.0C);4894.0;90.0;5068.0;;44.0;49.5;51.9;50.9
2026-09-12 16:39:50;AUS;Einspeisung;Einspeisung;Boiler-Max-Naehe (unten 49.2C, Einschalten erst < 46.0C);4894.0;90.0;5278.0;;44.0;49.2;51.9;50.9
2026-09-12 16:44:58;AUS;Einspeisung;Einspeisung;Boiler-Max-Naehe (unten 48.8C, Einschalten erst < 46.0C);4894.0;90.0;5064.0;;44.0;48.8;51.9;50.9
2026-09-12 16:50:07;AUS;Einspeisung;Einspeisung;Boiler-Max-Naehe (unten 48.5C, Einschalten erst < 46.0C);4894.0;90.0;4273.0;;44.0;48.5;51.8;50.9
2026-09-12 16:55:12;AUS;Einspeisung;Einspeisung;Boiler-Max-Naehe (unten 48.2C, Einschalten erst < 46.0C);4894.0;90.0;4865.0;;44.0;48.2;51.8;50.9
2026-09-12 17:00:20;AUS;Batterie;Batterie;Boiler-Max-Naehe (unten 47.9C, Einschalten erst < 46.0C);4894.0;90.0;4745.0;;44.0;47.9;51.8;50.9
2026-09-12 17:05:25;AUS;Batterie;Batterie;Boiler-Max-Naehe (unten 47.6C, Einschalten erst < 46.0C);4894.0;90.0;4558.0;;44.0;47.6;51.8;50.9
2026-09-12 17:10:34;AUS;Batterie;Batterie;Boiler-Max-Naehe (unten 47.4C, Einschalten erst < 46.0C);4894.0;90.0;102.0;;44.0;47.4;51.8;50.9
2026-09-12 17:15:39;AUS;Batterie;Batterie;Boiler-Max-Naehe (unten 47.1C, Einschalten erst < 46.0C);4894.0;90.0;4051.0;;44.0;47.1;51.8;50.9
2026-09-12 17:20:47;AUS;Komfort;Komfort;Boiler-Max-Naehe (unten 46.9C, Einschalten erst < 46.0C);4894.0;90.0;3918.0;;44.0;46.9;51.7;50.9
2026-09-12 17:25:55;AUS;Komfort;Komfort;Boiler-Max-Naehe (unten 46.7C, Einschalten erst < 46.0C);4894.0;90.0;3805.0;;44.0;46.7;51.7;50.9
2026-09-12 17:31:01;AUS;Komfort;Komfort;Boiler-Max-Naehe (unten 46.5C, Einschalten erst < 46.0C);4894.0;90.0;3577.0;;44.0;46.5;51.6;50.9
2026-09-12 17:36:09;AUS;Komfort;Komfort;Boiler-Max-Naehe (unten 46.3C, Einschalten erst < 46.0C);4894.0;90.0;3519.0;;44.0;46.3;51.6;50.8
2026-09-12 17:41:14;AUS;Komfort;Komfort;Boiler-Max-Naehe (unten 46.2C, Einschalten erst < 46.0C);4894.0;90.0;3363.0;;44.0;46.2;51.6;50.8
2026-09-12 17:46:22;EIN;AdaptivePV;AdaptivePV;;266.0;90.0;266.0;;44.0;44.8;51.6;50.8
2026-09-12 17:51:31;EIN;Batterie;AdaptivePV;;0.0;89.0;0.0;;44.0;45.6;51.6;50.8
2026-09-12 17:56:37;AUS;Batterie;Batterie;Boiler-Max-Naehe (unten 47.9C, Einschalten erst < 46.0C);0.0;89.0;2055.0;;44.0;47.9;51.5;50.8
2026-09-12 18:01:45;EIN;AdaptivePV;AdaptivePV;;2385.0;90.0;2385.0;4.0;44.0;43.6;51.5;50.8
2026-09-12 18:07:11;EIN;AdaptivePV;AdaptivePV;;2385.0;90.0;2385.0;;44.0;44.8;51.4;50.8
2026-09-12 18:12:33;EIN;Einspeisung;AdaptivePV;Warte auf Mindestlaufzeit (noch 3m);2385.0;90.0;2385.0;;44.0;48.0;51.4;50.8
2026-09-12 18:18:02;AUS;Einspeisung;Einspeisung;Boiler-Max-Naehe (unten 49.1C, Einschalten erst < 46.0C);2385.0;90.0;2385.0;;44.0;49.1;51.4;50.9
2026-09-12 18:56:39;AUS;AdaptivePV;;;715.0;90.0;715.0;;44.0;44.3;51.2;50.8
2026-09-12 18:59:15;AUS;AdaptivePV;;;715.0;90.0;715.0;;44.0;44.8;51.2;50.8
2026-09-12 19:03:27;AUS;;;;715.0;90.0;715.0;;44.0;44.8;51.2;50.8
2026-09-12 19:08:27;AUS;;;;715.0;90.0;715.0;;;44.8;51.2;50.8
2026-09-12 19:13:30;AUS;;;;715.0;90.0;715.0;;;44.8;51.2;50.8
2026-09-12 19:18:32;AUS;;;;715.0;90.0;715.0;;;44.8;51.2;50.8
2026-09-12 19:23:42;AUS;;Keine Regel aktiv;;715.0;90.0;715.0;;;40.0;51.2;50.7
2026-09-12 19:28:47;AUS;;Keine Regel aktiv;;715.0;90.0;715.0;;;37.4;51.2;50.7
2026-09-12 19:33:55;AUS;;Keine Regel aktiv;;715.0;90.0;715.0;;;37.1;51.2;50.7
2026-09-12 19:39:00;AUS;;Keine Regel aktiv;;715.0;90.0;715.0;;;37.1;51.2;50.6
2026-09-12 19:44:09;AUS;;Keine Regel aktiv;;715.0;90.0;715.0;;;37.0;51.1;50.6
2026-09-12 19:49:17;AUS;;Keine Regel aktiv;;715.0;90.0;715.0;;;37.0;51.1;50.6
2026-09-12 19:54:23;AUS;;Keine Regel aktiv;;715.0;90.0;715.0;;;37.0;51.1;50.6
2026-09-12 19:59:31;AUS;;Keine Regel aktiv;;715.0;90.0;715.0;;;36.9;51.1;50.6
2026-09-12 20:04:38;AUS;;Keine Regel aktiv;;715.0;90.0;715.0;;;36.8;51.1;50.6
2026-09-12 20:09:43;AUS;;Keine Regel aktiv;;715.0;90.0;715.0;;;33.3;51.1;50.6
2026-09-12 20:12:10;AUS;;Keine Regel aktiv;;715.0;90.0;715.0;;;33.1;51.1;50.6
2026-09-12 20:17:15;AUS;;Keine Regel aktiv;;715.0;90.0;715.0;;;33.1;51.1;50.6
2026-09-12 20:22:24;AUS;;Keine Regel aktiv;;715.0;90.0;715.0;;;33.1;51.1;50.5
2026-09-12 20:27:32;AUS;;Keine Regel aktiv;;715.0;90.0;715.0;;;33.1;51.0;50.5
2026-09-12 20:32:37;AUS;;Keine Regel aktiv;;715.0;90.0;715.0;;;33.2;51.0;50.5
2026-09-12 20:37:45;AUS;;Keine Regel aktiv;;715.0;90.0;715.0;;;33.2;51.0;50.4
2026-09-12 20:42:51;AUS;;Keine Regel aktiv;;715.0;90.0;715.0;;;33.2;51.0;50.5
2026-09-12 20:48:00;AUS;;Keine Regel aktiv;;715.0;90.0;715.0;;;33.2;51.0;50.4
2026-09-12 20:53:08;AUS;;Keine Regel aktiv;;715.0;90.0;715.0;;;33.2;51.0;50.4
2026-09-12 20:58:13;AUS;;Keine Regel aktiv;;715.0;90.0;715.0;;;33.2;51.0;50.4
2026-09-12 21:03:21;AUS;;Keine Regel aktiv;;715.0;90.0;715.0;;;33.3;50.9;50.4
2026-09-12 21:08:30;AUS;;Keine Regel aktiv;;715.0;90.0;715.0;;;33.3;50.9;50.4
2026-09-12 21:13:36;AUS;;Keine Regel aktiv;;715.0;90.0;715.0;;;33.3;50.9;50.4
2026-09-12 21:18:45;AUS;;Keine Regel aktiv;;715.0;90.0;715.0;;;30.0;50.9;50.4
2026-09-12 21:23:53;AUS;;Keine Regel aktiv;;715.0;90.0;715.0;;;24.4;50.9;49.7
2026-09-12 21:29:01;AUS;;Keine Regel aktiv;;715.0;90.0;715.0;;;23.6;50.9;49.4
2026-09-12 21:34:06;AUS;;Keine Regel aktiv;;715.0;90.0;715.0;;;23.4;50.8;49.2
2026-09-12 21:39:15;AUS;;Keine Regel aktiv;;715.0;90.0;715.0;;;23.5;50.9;49.2
2026-09-12 21:44:23;AUS;;Keine Regel aktiv;;715.0;90.0;715.0;;;23.5;50.8;49.1
2026-09-12 21:49:28;AUS;;Keine Regel aktiv;;715.0;90.0;715.0;;;23.5;50.8;49.1
2026-09-12 21:54:36;AUS;;Keine Regel aktiv;;715.0;90.0;715.0;;;23.5;50.8;49.0
2026-09-12 21:59:45;AUS;;Keine Regel aktiv;;715.0;90.0;715.0;;;23.5;50.8;49.0
2026-09-12 22:04:52;AUS;;Keine Regel aktiv;;715.0;90.0;715.0;;;23.5;50.8;48.9
2026-09-12 22:10:00;AUS;;Keine Regel aktiv;;715.0;90.0;715.0;;;23.6;50.8;48.9
2026-09-12 22:15:08;AUS;;Keine Regel aktiv;;715.0;90.0;715.0;;;23.6;50.8;48.8
2026-09-12 22:20:13;AUS;;Keine Regel aktiv;;715.0;90.0;715.0;;;23.6;50.8;48.8
2026-09-12 22:25:22;AUS;;Keine Regel aktiv;;715.0;90.0;715.0;;;23.6;50.7;48.7
2026-09-12 22:30:27;AUS;;Keine Regel aktiv;;715.0;90.0;715.0;;;23.6;50.8;48.6
2026-09-12 22:35:36;AUS;;Keine Regel aktiv;;715.0;90.0;715.0;;;23.6;50.7;48.6
2026-09-12 22:40:45;AUS;;Keine Regel aktiv;;715.0;90.0;715.0;;;23.6;50.7;48.5
2026-09-12 22:45:54;AUS;;Keine Regel aktiv;;715.0;90.0;715.0;;;23.6;50.7;48.4
2026-09-12 22:50:59;AUS;;Keine Regel aktiv;;715.0;90.0;715.0;;;23.6;50.6;48.4
2026-09-12 22:56:07;AUS;;Keine Regel aktiv;;715.0;90.0;715.0;;;23.6;50.6;48.4
2026-09-12 23:01:16;AUS;;Keine Regel aktiv;;715.0;90.0;715.0;;;23.6;50.6;48.3
2026-09-12 23:06:24;AUS;;Keine Regel aktiv;;715.0;90.0;715.0;;;23.8;50.6;48.2
2026-09-12 23:11:29;AUS;;Keine Regel aktiv;;715.0;90.0;715.0;;;23.7;50.6;48.2
2026-09-12 23:16:39;AUS;;Keine Regel aktiv;;715.0;90.0;715.0;;;23.7;50.6;48.1
2026-09-12 23:21:45;AUS;;Keine Regel aktiv;;715.0;90.0;715.0;;;23.8;50.6;48.1
2026-09-12 23:26:54;AUS;;Keine Regel aktiv;;715.0;90.0;715.0;;;23.8;50.6;48.1
2026-09-12 23:32:02;AUS;;Keine Regel aktiv;;715.0;90.0;715.0;;;23.8;50.5;47.9
2026-09-12 23:37:08;AUS;;Keine Regel aktiv;;715.0;90.0;715.0;;;23.8;50.6;47.8
2026-09-12 23:42:16;AUS;;Keine Regel aktiv;;715.0;90.0;715.0;;;23.8;50.5;47.6
2026-09-12 23:47:21;AUS;;Keine Regel aktiv;;715.0;90.0;715.0;;;23.6;50.5;46.8
2026-09-12 23:52:29;AUS;;Keine Regel aktiv;;715.0;90.0;715.0;;;23.5;50.5;46.2
2026-09-12 23:57:35;AUS;;Keine Regel aktiv;;715.0;90.0;715.0;;;23.5;50.5;46.2
2026-09-13 00:02:43;AUS;Wochenende;Wochenende;;715.0;90.0;715.0;;;23.4;50.4;46.1
2026-09-13 00:07:52;AUS;Wochenende;Wochenende;;715.0;90.0;715.0;;;23.5;50.4;46.1
2026-09-13 00:12:57;AUS;Wochenende;Wochenende;;715.0;90.0;715.0;;;23.5;50.4;46.0
2026-09-13 00:18:06;AUS;Wochenende;Wochenende;;715.0;90.0;715.0;;;23.5;50.4;45.9
2026-09-13 00:23:14;AUS;Wochenende;Wochenende;;715.0;90.0;715.0;;;23.5;50.4;45.9
2026-09-13 00:28:23;AUS;Wochenende;Wochenende;;715.0;90.0;715.0;;;23.5;50.4;45.8
2026-09-13 00:33:32;AUS;Wochenende;Wochenende;;715.0;90.0;715.0;;;23.5;50.4;45.8
2026-09-13 00:38:39;AUS;Wochenende;Wochenende;;715.0;90.0;715.0;;;23.5;50.4;45.7
2026-09-13 00:43:48;AUS;Wochenende;Wochenende;;715.0;90.0;715.0;;;23.5;50.4;45.6
2026-09-13 00:48:53;AUS;Wochenende;Wochenende;;715.0;90.0;715.0;;;23.6;50.3;45.6
2026-09-13 00:54:02;AUS;Wochenende;Wochenende;;715.0;90.0;715.0;;;23.6;50.3;45.5
2026-09-13 00:59:10;AUS;Wochenende;Wochenende;;715.0;90.0;715.0;;;23.6;50.3;45.5
2026-09-13 01:04:15;AUS;Wochenende;Wochenende;;715.0;90.0;715.0;;;23.6;50.3;45.4
2026-09-13 01:09:23;AUS;Wochenende;Wochenende;;715.0;90.0;715.0;;;23.6;50.2;45.4
2026-09-13 01:14:31;AUS;Wochenende;Wochenende;;715.0;90.0;715.0;;;23.6;50.2;45.3
2026-09-13 01:19:37;AUS;Wochenende;Wochenende;;715.0;90.0;715.0;;;23.6;50.2;45.3
2026-09-13 01:24:46;AUS;Wochenende;Wochenende;;715.0;90.0;715.0;;;23.6;50.2;45.2
2026-09-13 01:29:54;AUS;Wochenende;Wochenende;;715.0;90.0;715.0;;;23.6;50.2;45.2
2026-09-13 01:35:04;AUS;Wochenende;Wochenende;;715.0;90.0;715.0;;;23.6;50.2;45.1
2026-09-13 01:40:11;AUS;Wochenende;Wochenende;;715.0;90.0;715.0;;;23.6;50.2;45.1
2026-09-13 01:45:19;AUS;Wochenende;Wochenende;;715.0;90.0;715.0;;;23.7;50.2;45.1
2026-09-13 01:50:25;AUS;Wochenende;Wochenende;;715.0;90.0;715.0;;;23.7;50.2;45.0
2026-09-13 01:55:35;AUS;Wochenende;Wochenende;;715.0;90.0;715.0;;;23.6;50.1;44.9
2026-09-13 02:00:45;AUS;Wochenende;Wochenende;;715.0;90.0;715.0;;;23.7;50.1;44.9
2026-09-13 02:05:52;AUS;Wochenende;Wochenende;;715.0;90.0;715.0;;;23.7;50.1;44.9
2026-09-13 02:11:00;AUS;Wochenende;Wochenende;;715.0;90.0;715.0;;;23.7;50.1;44.8
2026-09-13 02:16:05;AUS;Wochenende;Wochenende;;715.0;90.0;715.0;;;23.7;50.1;44.8
2026-09-13 02:21:14;AUS;Wochenende;Wochenende;;715.0;90.0;715.0;;;23.8;50.1;44.8
2026-09-13 02:26:22;AUS;Wochenende;Wochenende;;715.0;90.0;715.0;;;23.8;50.1;44.7
2026-09-13 02:31:27;AUS;Wochenende;Wochenende;;715.0;90.0;715.0;;;23.8;50.0;44.6
2026-09-13 02:36:36;AUS;Wochenende;Wochenende;;715.0;90.0;715.0;;;23.8;50.0;44.6
2026-09-13 02:41:44;AUS;Wochenende;Wochenende;;715.0;90.0;715.0;;;23.8;50.0;44.6
2026-09-13 02:46:53;AUS;Wochenende;Wochenende;;715.0;90.0;715.0;;;23.8;50.0;44.5
2026-09-13 02:52:02;AUS;Wochenende;Wochenende;;715.0;90.0;715.0;;;23.8;49.9;44.5
2026-09-13 02:57:10;AUS;Wochenende;Wochenende;;715.0;90.0;715.0;;;23.8;49.9;44.4
2026-09-13 03:02:20;AUS;Wochenende;Wochenende;;715.0;90.0;715.0;;;23.9;49.9;44.4
2026-09-13 03:07:26;AUS;Wochenende;Wochenende;;715.0;90.0;715.0;;;23.9;49.9;44.4
2026-09-13 03:12:35;AUS;Wochenende;Wochenende;;715.0;90.0;715.0;;;23.9;49.9;44.3
2026-09-13 03:17:48;AUS;Wochenende;Wochenende;;715.0;90.0;715.0;;;23.9;49.9;44.3
2026-09-13 03:22:54;AUS;Wochenende;Wochenende;;715.0;90.0;715.0;;;23.9;49.9;44.2
2026-09-13 03:28:04;AUS;Wochenende;Wochenende;;715.0;90.0;715.0;;;23.9;49.9;44.2
2026-09-13 03:33:12;AUS;Wochenende;Wochenende;;715.0;90.0;715.0;;;23.9;49.8;44.1
2026-09-13 03:38:17;AUS;Wochenende;Wochenende;;715.0;90.0;715.0;;;23.9;49.8;44.1
2026-09-13 03:43:26;AUS;Wochenende;Wochenende;;715.0;90.0;715.0;;;23.9;49.8;44.1
2026-09-13 03:48:31;AUS;Wochenende;Wochenende;;715.0;90.0;715.0;;;24.0;49.8;44.0
2026-09-13 03:53:40;AUS;Wochenende;Wochenende;;715.0;90.0;715.0;;;23.9;49.8;44.0
2026-09-13 03:58:49;AUS;Wochenende;Wochenende;;715.0;90.0;715.0;;;24.0;49.8;43.9
2026-09-13 04:03:57;AUS;Wochenende;Wochenende;;715.0;90.0;715.0;;;24.0;49.8;43.9
2026-09-13 04:09:06;AUS;Wochenende;Wochenende;;715.0;90.0;715.0;;;24.0;49.8;43.9
2026-09-13 04:14:11;AUS;Wochenende;Wochenende;;715.0;90.0;715.0;;;24.0;49.8;43.8
2026-09-13 04:19:19;AUS;Wochenende;Wochenende;;715.0;90.0;715.0;;;24.1;49.7;43.8
2026-09-13 04:24:30;AUS;Wochenende;Wochenende;;715.0;90.0;715.0;;;24.1;49.7;43.8
2026-09-13 04:29:37;AUS;Wochenende;Wochenende;;715.0;90.0;715.0;;;24.1;49.7;43.7
2026-09-13 04:34:46;AUS;Wochenende;Wochenende;;715.0;90.0;715.0;;;24.0;49.7;43.6
2026-09-13 04:39:51;AUS;Wochenende;Wochenende;;715.0;90.0;715.0;;;24.1;49.7;43.6
2026-09-13 04:44:59;AUS;Wochenende;Wochenende;;715.0;90.0;715.0;;;24.1;49.6;43.6
2026-09-13 04:50:05;AUS;Wochenende;Wochenende;;715.0;90.0;715.0;;;24.1;49.6;43.5
2026-09-13 04:55:13;AUS;Wochenende;Wochenende;;715.0;90.0;715.0;;;24.1;49.6;43.5
2026-09-13 05:00:21;AUS;Wochenende;Wochenende;;715.0;90.0;715.0;;;24.1;49.6;43.4
2026-09-13 05:05:28;AUS;Wochenende;Wochenende;;715.0;90.0;715.0;;;24.1;49.6;43.4
2026-09-13 05:10:37;AUS;Wochenende;Wochenende;;715.0;90.0;715.0;;;24.1;49.6;43.4
2026-09-13 05:15:43;AUS;Wochenende;Wochenende;;715.0;90.0;715.0;;;24.2;49.6;43.3
2026-09-13 05:20:52;AUS;Wochenende;Wochenende;;715.0;90.0;715.0;;;24.1;49.6;43.3
2026-09-13 05:26:00;AUS;Wochenende;Wochenende;;715.0;90.0;715.0;;;24.2;49.6;43.2
2026-09-13 05:31:09;AUS;Wochenende;Wochenende;;715.0;90.0;715.0;;;24.2;49.6;43.2
2026-09-13 05:36:15;AUS;Wochenende;Wochenende;;715.0;90.0;715.0;;;24.2;49.5;43.2
2026-09-13 05:41:24;AUS;Wochenende;Wochenende;;715.0;90.0;715.0;;;24.2;49.5;43.2
2026-09-13 05:46:34;AUS;Wochenende;Wochenende;;715.0;90.0;715.0;;;24.2;49.5;43.1
2026-09-13 05:51:39;AUS;Wochenende;Wochenende;;715.0;90.0;715.0;;;24.2;49.4;43.1
2026-09-13 05:56:47;AUS;Wochenende;Wochenende;;715.0;90.0;715.0;;;24.2;49.4;43.1
2026-09-13 06:01:52;AUS;Wochenende;Wochenende;;715.0;90.0;715.0;;;24.2;49.4;43.1
2026-09-13 06:07:01;AUS;Wochenende;Wochenende;;715.0;90.0;715.0;;;24.2;49.4;43.0
2026-09-13 06:12:06;AUS;Wochenende;Wochenende;;715.0;90.0;715.0;;;24.3;49.4;43.0
2026-09-13 06:17:14;AUS;Wochenende;Wochenende;;715.0;90.0;715.0;;;24.3;49.4;42.9
2026-09-13 06:22:23;AUS;Wochenende;Wochenende;;715.0;90.0;715.0;;;24.3;49.4;42.9
2026-09-13 06:27:28;AUS;Wochenende;Wochenende;;715.0;90.0;715.0;;;24.3;49.4;42.9
2026-09-13 06:32:37;AUS;Wochenende;Wochenende;;715.0;90.0;715.0;;;24.4;49.4;42.9
2026-09-13 06:37:45;AUS;Wochenende;Wochenende;;715.0;90.0;715.0;;;24.3;49.3;42.9
2026-09-13 06:42:50;AUS;Wochenende;Wochenende;;715.0;90.0;715.0;;;24.4;49.3;42.8
2026-09-13 06:47:58;AUS;Wochenende;Wochenende;;715.0;90.0;715.0;;;24.4;49.3;42.8
2026-09-13 06:53:04;AUS;Wochenende;Wochenende;;715.0;90.0;715.0;;;24.4;49.2;42.8
2026-09-13 06:58:09;AUS;Wochenende;Wochenende;;715.0;90.0;715.0;;;24.4;49.2;42.7
2026-09-13 07:03:17;AUS;Wochenende;Wochenende;;715.0;90.0;715.0;;;24.4;49.2;42.7
2026-09-13 07:08:25;AUS;Wochenende;Wochenende;;715.0;90.0;715.0;;;24.4;49.2;42.7
2026-09-13 07:13:31;AUS;Wochenende;Wochenende;;715.0;90.0;715.0;;;24.4;49.2;42.6
2026-09-13 07:18:40;AUS;Wochenende;Wochenende;;715.0;90.0;715.0;;;24.4;49.2;42.6
2026-09-13 07:23:50;AUS;Wochenende;Wochenende;;715.0;90.0;715.0;;;24.5;49.2;42.6
2026-09-13 07:28:58;AUS;Wochenende;Wochenende;;715.0;90.0;715.0;;;24.4;49.2;42.6
2026-09-13 07:34:03;AUS;Wochenende;Wochenende;;715.0;90.0;715.0;;;24.5;49.2;42.5
2026-09-13 07:39:11;AUS;Wochenende;Wochenende;;715.0;90.0;715.0;;;24.5;49.2;42.5
2026-09-13 07:44:19;AUS;Wochenende;Wochenende;;715.0;90.0;715.0;;;24.5;49.1;42.4
2026-09-13 07:49:24;AUS;Wochenende;Wochenende;;715.0;90.0;715.0;;;24.6;49.1;42.4
2026-09-13 07:54:33;AUS;Wochenende;Wochenende;;715.0;90.0;715.0;;;24.6;49.1;42.4
2026-09-13 07:59:38;AUS;Wochenende;Wochenende;;715.0;90.0;715.0;;;24.6;49.1;42.4
2026-09-13 08:04:47;AUS;Wochenende;Wochenende;;0.0;65.0;0.0;;44.0;24.6;49.1;42.4
2026-09-13 08:09:55;AUS;Wochenende;Wochenende;;0.0;65.0;0.0;;44.0;24.6;49.1;42.4
2026-09-13 08:15:00;AUS;Wochenende;Wochenende;;0.0;66.0;0.0;;44.0;24.6;49.1;42.3
2026-09-13 08:20:09;AUS;Wochenende;Wochenende;;0.0;66.0;0.0;;44.0;24.6;49.1;42.2
2026-09-13 08:25:14;AUS;Wochenende;Wochenende;;0.0;67.0;0.0;;44.0;24.6;49.0;42.3
2026-09-13 08:30:22;AUS;Wochenende;Wochenende;;0.0;67.0;0.0;;44.0;24.6;49.0;42.2
2026-09-13 08:35:31;AUS;Wochenende;Wochenende;;0.0;68.0;0.0;;44.0;24.6;49.0;42.0
2026-09-13 08:40:36;AUS;Wochenende;Wochenende;;0.0;69.0;0.0;;44.0;24.5;48.9;41.9
2026-09-13 08:45:44;AUS;Wochenende;Wochenende;;0.0;69.0;0.0;;44.0;24.1;49.0;40.8
2026-09-13 08:50:50;AUS;Wochenende;Wochenende;;0.0;69.0;0.0;;44.0;23.9;48.9;40.4
2026-09-13 08:56:00;AUS;Wochenende;Wochenende;;0.0;67.0;0.0;;44.0;23.9;48.9;40.2
2026-09-13 09:01:08;EIN;Abweichung;Abweichung;;0.0;65.0;0.0;;44.0;23.9;48.9;40.1
2026-09-13 09:06:14;EIN;Abweichung;Abweichung;;0.0;64.0;0.0;;44.0;25.2;48.9;40.1
2026-09-13 09:11:15;EIN;Abweichung;Abweichung;;0.0;64.0;0.0;;44.0;27.4;48.9;39.8
2026-09-13 09:16:23;EIN;Abweichung;Abweichung;;0.0;65.0;0.0;;44.0;29.2;48.9;39.6
2026-09-13 09:21:28;EIN;Abweichung;Abweichung;;0.0;66.0;0.0;;44.0;30.8;48.9;39.4
2026-09-13 09:26:37;EIN;Abweichung;Abweichung;;0.0;68.0;0.0;;44.0;32.3;48.9;39.2
2026-09-13 09:31:42;EIN;Abweichung;Abweichung;;0.0;71.0;0.0;;44.0;33.6;48.8;38.9
2026-09-13 09:36:50;EIN;Abweichung;Abweichung;;0.0;73.0;0.0;;44.0;34.9;48.8;38.4
2026-09-13 09:42:00;EIN;Abweichung;Abweichung;;0.0;75.0;0.0;;44.0;36.1;48.8;38.4
2026-09-13 09:47:05;EIN;Abweichung;Abweichung;;0.0;78.0;0.0;;44.0;36.9;48.8;38.7
2026-09-13 09:52:14;EIN;Abweichung;Abweichung;;0.0;79.0;0.0;;44.0;37.9;48.8;39.2
2026-09-13 09:57:22;EIN;AdaptivePV;Abweichung;;211.0;81.0;211.0;3.0;44.0;38.9;48.8;39.9
2026-09-13 10:02:32;AUS;;Keine Regel aktiv;;0.0;82.0;0.0;;44.0;39.8;48.8;40.6
2026-09-13 10:07:37;AUS;;Keine Regel aktiv;;0.0;84.0;0.0;;44.0;39.9;48.8;41.1
2026-09-13 10:12:46;AUS;AdaptivePV;Keine Regel aktiv;;287.0;88.0;287.0;3.0;44.0;39.6;48.8;41.1
2026-09-13 10:17:54;EIN;AdaptivePV;AdaptivePV;;5012.0;90.0;5012.0;3.0;44.0;40.4;48.8;41.3
2026-09-13 10:23:00;EIN;AdaptivePV;AdaptivePV;;2344.0;90.0;2344.0;3.0;44.0;41.3;48.8;41.9
2026-09-13 10:28:08;EIN;AdaptivePV;AdaptivePV;;4583.0;90.0;4583.0;3.0;44.0;42.1;48.7;42.7
2026-09-13 10:33:17;EIN;AdaptivePV;AdaptivePV;;447.0;90.0;447.0;3.0;44.0;42.9;48.7;43.4
2026-09-13 10:38:24;EIN;AdaptivePV;AdaptivePV;;371.0;89.0;371.0;3.0;44.0;43.7;48.7;44.1
2026-09-13 10:43:33;EIN;AdaptivePV;AdaptivePV;;3277.0;90.0;3277.0;;44.0;44.4;48.6;44.8
2026-09-13 10:48:41;EIN;AdaptivePV;AdaptivePV;;4484.0;90.0;4484.0;;44.0;45.1;48.6;45.4
2026-09-13 10:53:46;EIN;AdaptivePV;AdaptivePV;;5793.0;90.0;5793.0;;44.0;45.7;48.6;45.9
2026-09-13 10:58:55;EIN;AdaptivePV;AdaptivePV;;6305.0;90.0;6305.0;;44.0;46.2;48.6;46.5
2026-09-13 11:04:00;EIN;Einspeisung;AdaptivePV;;6535.0;90.0;6535.0;;44.0;46.8;48.6;47.0
2026-09-13 11:09:08;EIN;AdaptivePV;Einspeisung;;4485.0;90.0;4485.0;;44.0;47.2;48.6;47.5
2026-09-13 11:14:14;EIN;Einspeisung;AdaptivePV;;6827.0;90.0;6827.0;;44.0;47.7;48.6;47.9
2026-09-13 11:19:23;AUS;Einspeisung;Einspeisung;Boiler-Max-Naehe (unten 48.1C, mittig 48.2C, Einschalten ers;6827.0;90.0;7369.0;;44.0;48.1;48.8;48.2
2026-09-13 11:24:32;AUS;Batterie;Batterie;Boiler-Max-Naehe (unten 47.9C, mittig 48.4C, Einschalten ers;6827.0;90.0;7364.0;;44.0;47.9;48.8;48.4
2026-09-13 11:29:37;AUS;Batterie;Batterie;Boiler-Max-Naehe (unten 47.6C, mittig 48.4C, Einschalten ers;6827.0;90.0;7450.0;;44.0;47.6;48.8;48.4
2026-09-13 11:34:46;AUS;Batterie;Batterie;Boiler-Max-Naehe (unten 47.3C, mittig 48.4C, Einschalten ers;6827.0;90.0;7404.0;;44.0;47.3;48.8;48.4
2026-09-13 11:39:55;AUS;Batterie;Batterie;Boiler-Max-Naehe (unten 47.0C, mittig 48.4C, Einschalten ers;6827.0;90.0;7493.0;;44.0;47.0;48.8;48.4
2026-09-13 11:45:02;AUS;Komfort;Komfort;;6827.0;90.0;6706.0;;44.0;45.7;48.8;48.4
2026-09-13 11:50:11;AUS;Komfort;Komfort;;6827.0;90.0;7347.0;;44.0;45.2;48.8;48.3
2026-09-13 11:55:17;EIN;Einspeisung;Einspeisung;;6769.0;90.0;6769.0;;44.0;45.0;48.8;48.3
2026-09-13 12:00:26;EIN;Einspeisung;Einspeisung;;7557.0;90.0;7557.0;;44.0;46.1;48.8;48.3
2026-09-13 12:05:32;EIN;AdaptivePV;Einspeisung;;5667.0;90.0;5667.0;;44.0;47.6;48.9;48.6
2026-09-13 12:10:41;EIN;AdaptivePV;AdaptivePV;;1698.0;90.0;1698.0;;44.0;47.9;49.2;48.8
2026-09-13 12:15:49;AUS;Batterie;Batterie;Boiler-Max-Naehe (unten 47.9C, mittig 48.9C, Einschalten ers;1698.0;90.0;3334.0;;44.0;47.9;49.3;48.9
2026-09-13 12:20:58;AUS;Batterie;Batterie;Boiler-Max-Naehe (unten 47.4C, mittig 48.9C, Einschalten ers;1698.0;90.0;4144.0;;44.0;47.4;49.2;48.9
2026-09-13 12:26:03;AUS;AdaptivePV;AdaptivePV;Min. Pause (noch 0m 31s);2983.0;90.0;2983.0;3.0;44.0;41.8;49.2;48.9
2026-09-13 12:31:12;EIN;AdaptivePV;AdaptivePV;;2776.0;90.0;2776.0;3.0;44.0;36.6;49.2;48.9
2026-09-13 12:36:20;EIN;AdaptivePV;AdaptivePV;;2381.0;90.0;2381.0;3.0;44.0;40.3;49.2;48.8
2026-09-13 12:41:25;EIN;AdaptivePV;AdaptivePV;;1760.0;90.0;1760.0;3.0;44.0;43.8;49.2;48.8
2026-09-13 12:46:35;EIN;AdaptivePV;AdaptivePV;;3186.0;90.0;3186.0;;44.0;46.7;49.2;48.9
2026-09-13 12:51:44;AUS;Einspeisung;Einspeisung;Boiler-Max-Naehe (unten 48.1C, mittig 49.1C, Einschalten ers;3186.0;90.0;7539.0;;44.0;48.1;49.4;49.1
2026-09-13 12:56:52;AUS;Einspeisung;Einspeisung;Boiler-Max-Naehe (unten 47.9C, mittig 49.1C, Einschalten ers;3186.0;90.0;7573.0;;44.0;47.9;49.4;49.1
2026-09-13 13:02:01;AUS;Einspeisung;Einspeisung;Boiler-Max-Naehe (unten 47.5C, mittig 49.1C, Einschalten ers;3186.0;90.0;7576.0;;44.0;47.5;49.4;49.1
2026-09-13 13:07:07;AUS;Einspeisung;Einspeisung;Boiler-Max-Naehe (unten 47.0C, mittig 49.1C, Einschalten ers;3186.0;90.0;7709.0;;44.0;47.0;49.4;49.1
2026-09-13 13:12:15;AUS;Einspeisung;Einspeisung;Boiler-Max-Naehe (unten 46.6C, mittig 49.1C, Einschalten ers;3186.0;90.0;7745.0;;44.0;46.6;49.4;49.1
2026-09-13 13:17:20;AUS;Einspeisung;Einspeisung;Boiler-Max-Naehe (unten 46.1C, mittig 49.1C, Einschalten ers;3186.0;90.0;7696.0;;44.0;46.1;49.4;49.1
2026-09-13 13:22:29;EIN;Einspeisung;Einspeisung;;7564.0;90.0;7564.0;;44.0;46.3;49.4;49.0
2026-09-13 13:27:37;EIN;Einspeisung;Einspeisung;Regel 'Einspeisung' sagt AUS, warte auf Mindestlaufzeit (noc;7564.0;90.0;7567.0;;44.0;48.2;49.6;49.1
2026-09-13 13:32:45;AUS;Einspeisung;Einspeisung;Boiler-Max-Naehe (unten 48.8C, mittig 49.4C, Einschalten ers;7564.0;90.0;5846.0;;44.0;48.8;49.7;49.4
2026-09-13 13:37:55;AUS;Einspeisung;Einspeisung;Boiler-Max-Naehe (unten 48.4C, mittig 49.4C, Einschalten ers;7564.0;90.0;7567.0;;44.0;48.4;49.7;49.4
2026-09-13 13:43:00;AUS;Einspeisung;Einspeisung;Boiler-Max-Naehe (unten 48.0C, mittig 49.4C, Einschalten ers;7564.0;90.0;7568.0;;44.0;48.0;49.7;49.4
2026-09-13 13:48:08;AUS;Einspeisung;Einspeisung;Boiler-Max-Naehe (unten 47.6C, mittig 49.3C, Einschalten ers;7564.0;90.0;7568.0;;44.0;47.6;49.7;49.3
2026-09-13 13:53:17;AUS;Einspeisung;Einspeisung;Boiler-Max-Naehe (unten 47.2C, mittig 49.3C, Einschalten ers;7564.0;90.0;7567.0;;44.0;47.2;49.7;49.3
2026-09-13 13:58:22;AUS;Einspeisung;Einspeisung;Boiler-Max-Naehe (unten 46.9C, mittig 49.3C, Einschalten ers;7564.0;90.0;7568.0;;44.0;46.9;49.7;49.3
2026-09-13 14:03:30;AUS;Einspeisung;Einspeisung;Boiler-Max-Naehe (unten 46.6C, mittig 49.2C, Einschalten ers;7564.0;90.0;7567.0;;44.0;46.6;49.7;49.2
2026-09-13 14:08:35;AUS;Einspeisung;Einspeisung;Boiler-Max-Naehe (unten 46.3C, mittig 49.2C, Einschalten ers;7564.0;90.0;7569.0;;44.0;46.3;49.7;49.2
2026-09-13 14:13:44;AUS;Einspeisung;Einspeisung;Boiler-Max-Naehe (unten 46.1C, mittig 49.2C, Einschalten ers;7564.0;90.0;7568.0;;44.0;46.1;49.7;49.2
2026-09-13 14:18:53;EIN;Einspeisung;Einspeisung;;7568.0;90.0;7568.0;;44.0;46.6;49.6;49.2
2026-09-13 14:24:00;AUS;Einspeisung;Einspeisung;Boiler-Max-Naehe (unten 48.4C, mittig 49.3C, Einschalten ers;7568.0;90.0;7567.0;;44.0;48.4;49.8;49.3
2026-09-13 14:29:08;AUS;Einspeisung;Einspeisung;Boiler-Max-Naehe (unten 48.2C, mittig 49.3C, Einschalten ers;7568.0;90.0;7570.0;;44.0;48.2;49.8;49.3
2026-09-13 14:34:13;AUS;Einspeisung;Einspeisung;Boiler-Max-Naehe (unten 47.9C, mittig 49.3C, Einschalten ers;7568.0;90.0;7571.0;;44.0;47.9;49.7;49.3
2026-09-13 14:39:21;AUS;Einspeisung;Einspeisung;Boiler-Max-Naehe (unten 47.5C, mittig 49.3C, Einschalten ers;7568.0;90.0;7569.0;;44.0;47.5;49.8;49.3
2026-09-13 14:44:30;AUS;Einspeisung;Einspeisung;Boiler-Max-Naehe (unten 47.2C, mittig 49.3C, Einschalten ers;7568.0;90.0;7570.0;;44.0;47.2;49.7;49.3
2026-09-13 14:49:36;AUS;Einspeisung;Einspeisung;Boiler-Max-Naehe (unten 46.9C, mittig 49.3C, Einschalten ers;7568.0;90.0;7567.0;;44.0;46.9;49.8;49.3
2026-09-13 14:54:44;AUS;Komfort;Einspeisung;Boiler-Max-Naehe (unten 46.8C, mittig 49.3C, Einschalten ers;7568.0;90.0;6874.0;;44.0;46.8;49.8;49.3
2026-09-13 14:59:53;AUS;Einspeisung;Komfort;Boiler-Max-Naehe (unten 46.5C, mittig 49.2C, Einschalten ers;7568.0;90.0;7572.0;;44.0;46.5;49.7;49.2
2026-09-13 15:05:01;AUS;Einspeisung;Einspeisung;Boiler-Max-Naehe (unten 46.2C, mittig 49.2C, Einschalten ers;7568.0;90.0;7568.0;;44.0;46.2;49.7;49.2
2026-09-13 15:10:06;AUS;Einspeisung;Einspeisung;Boiler-Max-Naehe (unten 46.1C, mittig 49.2C, Einschalten ers;7568.0;90.0;7568.0;;44.0;46.1;49.7;49.2
2026-09-13 15:15:14;EIN;AdaptivePV;Einspeisung;;6104.0;90.0;6104.0;;44.0;46.7;49.7;49.2
2026-09-13 15:20:24;EIN;Einspeisung;Einspeisung;Regel 'Einspeisung' sagt AUS, warte auf Mindestlaufzeit (noc;6104.0;90.0;6505.0;;44.0;48.7;49.8;49.3
2026-09-13 15:25:30;AUS;Einspeisung;Einspeisung;Boiler-Max-Naehe (unten 49.1C, mittig 49.6C, Einschalten ers;6104.0;90.0;7053.0;;44.0;49.1;49.9;49.6
2026-09-13 15:30:38;AUS;Einspeisung;Einspeisung;Boiler-Max-Naehe (unten 48.8C, mittig 49.6C, Einschalten ers;6104.0;90.0;6652.0;;44.0;48.8;49.9;49.6
2026-09-13 15:35:44;AUS;Einspeisung;Einspeisung;Boiler-Max-Naehe (unten 48.5C, mittig 49.6C, Einschalten ers;6104.0;90.0;7116.0;;44.0;48.5;49.9;49.6
2026-09-13 15:40:53;AUS;Einspeisung;Einspeisung;Boiler-Max-Naehe (unten 48.2C, mittig 49.5C, Einschalten ers;6104.0;90.0;7378.0;;44.0;48.2;49.9;49.5
2026-09-13 15:46:02;AUS;Batterie;Batterie;Boiler-Max-Naehe (unten 47.9C, mittig 49.5C, Einschalten ers;6104.0;90.0;3327.0;;44.0;47.9;49.9;49.5
2026-09-13 15:51:10;AUS;Batterie;Batterie;Boiler-Max-Naehe (unten 47.6C, mittig 49.5C, Einschalten ers;6104.0;90.0;3319.0;;44.0;47.6;49.9;49.5
2026-09-13 15:56:19;AUS;Batterie;Batterie;Boiler-Max-Naehe (unten 47.4C, mittig 49.4C, Einschalten ers;6104.0;90.0;7098.0;;44.0;47.4;49.9;49.4
2026-09-13 16:01:26;AUS;Batterie;Batterie;Boiler-Max-Naehe (unten 47.2C, mittig 49.4C, Einschalten ers;6104.0;90.0;6805.0;;44.0;47.2;49.9;49.4
2026-09-13 16:06:34;AUS;Batterie;Batterie;Boiler-Max-Naehe (unten 47.0C, mittig 49.4C, Einschalten ers;6104.0;90.0;6649.0;;44.0;47.0;49.9;49.4
2026-09-13 16:11:42;AUS;Komfort;Komfort;Boiler-Max-Naehe (unten 46.8C, mittig 49.4C, Einschalten ers;6104.0;90.0;6648.0;;44.0;46.8;49.8;49.4
2026-09-13 16:16:48;AUS;Komfort;Komfort;Boiler-Max-Naehe (unten 46.6C, mittig 49.4C, Einschalten ers;6104.0;90.0;6229.0;;44.0;46.6;49.8;49.4
2026-09-13 16:21:56;AUS;Komfort;Komfort;Boiler-Max-Naehe (unten 46.5C, mittig 49.4C, Einschalten ers;6104.0;90.0;6071.0;;44.0;46.5;49.8;49.4
2026-09-13 16:27:01;AUS;Komfort;Komfort;Boiler-Max-Naehe (unten 46.3C, mittig 49.4C, Einschalten ers;6104.0;90.0;3201.0;;44.0;46.3;49.8;49.4
2026-09-13 16:32:09;AUS;Komfort;Komfort;Boiler-Max-Naehe (unten 46.1C, mittig 49.4C, Einschalten ers;6104.0;90.0;6367.0;;44.0;46.1;49.8;49.4
2026-09-13 16:37:15;AUS;Komfort;Komfort;Boiler-Max-Naehe (unten 46.0C, mittig 49.3C, Einschalten ers;6104.0;90.0;5099.0;;44.0;46.0;49.8;49.3
2026-09-13 16:42:25;AUS;Komfort;Komfort;;6104.0;90.0;4405.0;;44.0;45.8;49.8;49.3
2026-09-13 16:47:33;AUS;Komfort;Komfort;;6104.0;90.0;4213.0;;44.0;45.7;49.8;49.3
2026-09-13 16:52:38;AUS;Komfort;Komfort;;6104.0;90.0;2087.0;;44.0;45.6;49.8;49.3
2026-09-13 16:57:46;AUS;Komfort;Komfort;;6104.0;90.0;6421.0;;44.0;45.4;49.8;49.2
2026-09-13 17:02:51;AUS;Komfort;Komfort;;6104.0;90.0;2014.0;;44.0;45.3;49.8;49.2
2026-09-13 17:08:01;AUS;Komfort;Komfort;;6104.0;90.0;4649.0;;44.0;45.2;49.8;49.2
2026-09-13 17:13:11;AUS;Komfort;Komfort;;6104.0;90.0;3148.0;;44.0;45.1;49.7;49.2
2026-09-13 17:18:20;AUS;AdaptivePV;Komfort;;1571.0;90.0;1571.0;;44.0;44.9;49.7;49.2
2026-09-13 17:23:28;EIN;AdaptivePV;AdaptivePV;;870.0;90.0;870.0;;44.0;45.8;49.7;49.2
2026-09-13 17:28:37;EIN;Batterie;AdaptivePV;Warte auf Mindestlaufzeit (noch 4m);0.0;90.0;0.0;;44.0;47.2;49.7;49.2
2026-09-13 17:33:44;AUS;Komfort;Komfort;Boiler-Max-Naehe (unten 46.7C, mittig 49.3C, Einschalten ers;0.0;89.0;68.0;;44.0;46.7;49.7;49.3
2026-09-13 17:38:54;AUS;Komfort;Komfort;Boiler-Max-Naehe (unten 46.2C, mittig 49.2C, Einschalten ers;0.0;89.0;837.0;;44.0;46.2;49.6;49.2
2026-09-13 17:44:03;AUS;Komfort;Komfort;;0.0;89.0;1029.0;;44.0;45.7;49.7;49.2
2026-09-13 17:49:09;AUS;Komfort;Komfort;;0.0;89.0;0.0;;44.0;45.4;49.7;49.2
2026-09-13 17:54:18;AUS;AdaptivePV;Komfort;;2125.0;89.0;2125.0;4.0;44.0;43.8;49.7;49.2
2026-09-13 17:59:27;EIN;AdaptivePV;AdaptivePV;;301.0;90.0;301.0;;44.0;44.9;49.6;49.2
2026-09-13 18:04:36;EIN;AdaptivePV;AdaptivePV;;177.0;90.0;177.0;;44.0;47.7;49.7;49.2
2026-09-13 18:09:42;AUS;AdaptivePV;AdaptivePV;Min. Pause (noch 10m 58s);617.0;90.0;617.0;4.0;44.0;34.8;49.8;49.3
2026-09-13 18:14:52;AUS;AdaptivePV;AdaptivePV;Min. Pause (noch 5m 48s);467.0;90.0;467.0;4.0;44.0;24.9;49.8;49.3
2026-09-13 18:19:57;EIN;Batterie;AdaptivePV;;0.0;90.0;0.0;4.0;44.0;23.2;49.8;49.0
2026-09-13 18:25:05;EIN;Batterie;Batterie;;0.0;89.0;0.0;;44.0;23.2;49.8;31.8
2026-09-13 18:30:14;EIN;Batterie;Batterie;;0.0;89.0;0.0;;44.0;24.1;49.8;26.2
2026-09-13 18:35:18;EIN;Batterie;Batterie;;0.0;89.0;0.0;;44.0;25.1;49.7;26.2
2026-09-13 18:40:27;EIN;Batterie;Batterie;;0.0;89.0;0.0;;44.0;26.1;49.7;26.9
2026-09-13 18:45:32;EIN;Batterie;Batterie;;0.0;89.0;0.0;;44.0;25.4;49.7;27.6
2026-09-13 18:50:40;EIN;Batterie;Batterie;;0.0;89.0;0.0;;44.0;24.2;49.7;27.8
2026-09-13 18:55:49;EIN;Batterie;Batterie;;0.0;88.0;0.0;;44.0;25.5;49.6;27.8
2026-09-13 19:00:54;AUS;;Keine Regel aktiv;;0.0;88.0;0.0;;;24.4;49.6;27.9
2026-09-13 19:06:02;AUS;;Keine Regel aktiv;;0.0;88.0;0.0;;;23.7;49.6;27.9
2026-09-13 19:11:12;AUS;;Keine Regel aktiv;;0.0;88.0;0.0;;;22.8;49.6;27.9
2026-09-13 19:16:17;AUS;;Keine Regel aktiv;;0.0;88.0;0.0;;;22.6;49.5;27.9
2026-09-13 19:21:26;AUS;;Keine Regel aktiv;;0.0;88.0;0.0;;;22.6;49.5;27.9
2026-09-13 19:26:34;AUS;;Keine Regel aktiv;;0.0;88.0;0.0;;;22.6;49.4;27.9
2026-09-13 19:31:39;AUS;;Keine Regel aktiv;;0.0;88.0;0.0;;;22.6;49.4;27.9
2026-09-13 19:36:48;AUS;;Keine Regel aktiv;;0.0;88.0;0.0;;;22.6;49.3;27.9
2026-09-13 19:41:53;AUS;;Keine Regel aktiv;;0.0;88.0;0.0;;;22.6;49.3;27.9
2026-09-13 19:47:01;AUS;;Keine Regel aktiv;;0.0;88.0;0.0;;;22.6;49.2;27.9
2026-09-13 19:52:09;AUS;;Keine Regel aktiv;;0.0;88.0;0.0;;;22.6;49.2;27.8
2026-09-13 19:57:15;AUS;;Keine Regel aktiv;;0.0;88.0;0.0;;;22.6;49.1;27.9
2026-09-13 20:02:25;AUS;;Keine Regel aktiv;;0.0;88.0;0.0;;;22.6;49.1;27.8
2026-09-13 20:07:33;AUS;;Keine Regel aktiv;;0.0;88.0;0.0;;;22.6;49.0;27.8
2026-09-13 20:12:43;AUS;;Keine Regel aktiv;;0.0;88.0;0.0;;;22.6;48.9;27.8
2026-09-13 20:17:52;AUS;;Keine Regel aktiv;;0.0;88.0;0.0;;;22.5;48.9;27.8
2026-09-13 20:22:59;AUS;;Keine Regel aktiv;;0.0;88.0;0.0;;;22.6;48.8;27.8
2026-09-13 20:28:08;AUS;;Keine Regel aktiv;;0.0;88.0;0.0;;;22.6;48.7;27.8
2026-09-13 20:33:18;AUS;;Keine Regel aktiv;;0.0;88.0;0.0;;;22.5;48.6;27.8
2026-09-13 20:38:24;AUS;;Keine Regel aktiv;;0.0;88.0;0.0;;;22.6;48.5;27.8
2026-09-13 20:43:32;AUS;;Keine Regel aktiv;;0.0;88.0;0.0;;;22.6;48.4;27.8
2026-09-13 20:48:41;AUS;;Keine Regel aktiv;;0.0;88.0;0.0;;;22.6;48.4;27.8
2026-09-13 20:53:46;AUS;;Keine Regel aktiv;;0.0;88.0;0.0;;;22.6;48.2;27.8
2026-09-13 20:58:55;AUS;;Keine Regel aktiv;;0.0;88.0;0.0;;;22.6;48.1;27.8
2026-09-13 21:04:04;AUS;;Keine Regel aktiv;;0.0;88.0;0.0;;;22.6;48.1;27.8
2026-09-13 21:09:08;AUS;;Keine Regel aktiv;;0.0;88.0;0.0;;;22.6;47.9;27.8
2026-09-13 21:14:17;AUS;;Keine Regel aktiv;;0.0;88.0;0.0;;;22.6;47.9;27.8
2026-09-13 21:19:26;AUS;;Keine Regel aktiv;;0.0;88.0;0.0;;;22.6;47.8;27.8
2026-09-13 21:24:31;AUS;;Keine Regel aktiv;;0.0;88.0;0.0;;;22.6;47.6;27.7
2026-09-13 21:29:39;AUS;;Keine Regel aktiv;;0.0;88.0;0.0;;;22.6;47.6;27.7
2026-09-13 21:34:48;AUS;;Keine Regel aktiv;;0.0;88.0;0.0;;;22.6;47.4;27.7
2026-09-13 21:39:53;AUS;;Keine Regel aktiv;;0.0;88.0;0.0;;;22.6;47.3;27.7
2026-09-13 21:45:01;AUS;;Keine Regel aktiv;;0.0;88.0;0.0;;;22.6;47.2;27.7
2026-09-13 21:50:09;AUS;;Keine Regel aktiv;;0.0;88.0;0.0;;;22.6;47.1;27.7
2026-09-13 21:55:15;AUS;;Keine Regel aktiv;;0.0;88.0;0.0;;;22.6;47.0;27.7
2026-09-13 22:00:24;AUS;;Keine Regel aktiv;;0.0;88.0;0.0;;;22.6;46.9;27.7
2026-09-13 22:05:34;AUS;;Keine Regel aktiv;;0.0;88.0;0.0;;;22.6;46.8;27.6
2026-09-13 22:10:43;AUS;;Keine Regel aktiv;;0.0;88.0;0.0;;;22.6;46.7;27.6
2026-09-13 22:15:52;AUS;;Keine Regel aktiv;;0.0;88.0;0.0;;;22.6;46.5;27.6
2026-09-13 22:20:57;AUS;;Keine Regel aktiv;;0.0;88.0;0.0;;;22.6;46.4;27.6
2026-09-13 22:26:05;AUS;;Keine Regel aktiv;;0.0;88.0;0.0;;;22.6;46.2;27.6
2026-09-13 22:31:14;AUS;;Keine Regel aktiv;;0.0;88.0;0.0;;;22.6;46.2;27.6
2026-09-13 22:36:19;AUS;;Keine Regel aktiv;;0.0;88.0;0.0;;;22.6;46.0;27.6
2026-09-13 22:41:27;AUS;;Keine Regel aktiv;;0.0;88.0;0.0;;;22.6;45.9;27.6
2026-09-13 22:46:35;AUS;;Keine Regel aktiv;;0.0;88.0;0.0;;;22.6;45.8;27.6
2026-09-13 22:51:40;AUS;;Keine Regel aktiv;;0.0;88.0;0.0;;;22.6;45.7;27.6
2026-09-13 22:56:49;AUS;;Keine Regel aktiv;;0.0;88.0;0.0;;;22.6;45.6;27.6
2026-09-13 23:01:54;AUS;;Keine Regel aktiv;;0.0;88.0;0.0;;;22.6;45.5;27.6
2026-09-13 23:07:03;AUS;;Keine Regel aktiv;;0.0;88.0;0.0;;;22.6;45.3;27.6
2026-09-13 23:12:11;AUS;;Keine Regel aktiv;;0.0;88.0;0.0;;;22.6;45.2;27.6
2026-09-13 23:17:16;AUS;;Keine Regel aktiv;;0.0;88.0;0.0;;;22.6;45.1;27.5
2026-09-13 23:22:24;AUS;;Keine Regel aktiv;;0.0;88.0;0.0;;;22.6;45.0;27.5
2026-09-13 23:27:33;AUS;;Keine Regel aktiv;;0.0;88.0;0.0;;;22.6;44.9;27.5
2026-09-13 23:32:39;AUS;;Keine Regel aktiv;;0.0;88.0;0.0;;;22.6;44.8;27.5
2026-09-13 23:37:48;AUS;;Keine Regel aktiv;;0.0;88.0;0.0;;;22.7;44.7;27.5
2026-09-13 23:42:58;AUS;;Keine Regel aktiv;;0.0;88.0;0.0;;;22.6;44.6;27.5
2026-09-13 23:48:03;AUS;;Keine Regel aktiv;;0.0;88.0;0.0;;;22.7;44.4;27.5
2026-09-13 23:53:11;AUS;;Keine Regel aktiv;;0.0;88.0;0.0;;;22.7;44.3;27.5
2026-09-13 23:58:19;AUS;;Keine Regel aktiv;;0.0;88.0;0.0;;;22.7;44.2;27.4
2026-09-14 00:03:25;AUS;;Keine Regel aktiv;;0.0;88.0;0.0;;;22.7;44.1;27.5
2026-09-14 00:08:33;AUS;;Keine Regel aktiv;;0.0;88.0;0.0;;;22.7;44.0;27.4
2026-09-14 00:13:41;AUS;;Keine Regel aktiv;;0.0;88.0;0.0;;;22.7;43.9;27.4
2026-09-14 00:18:46;AUS;;Keine Regel aktiv;;0.0;88.0;0.0;;;22.7;43.8;27.4
2026-09-14 00:23:54;AUS;;Keine Regel aktiv;;0.0;88.0;0.0;;;22.7;43.8;27.4
2026-09-14 00:28:59;AUS;;Keine Regel aktiv;;0.0;88.0;0.0;;;22.7;43.6;27.4
2026-09-14 00:34:08;AUS;;Keine Regel aktiv;;0.0;88.0;0.0;;;22.7;43.6;27.4
2026-09-14 00:39:13;AUS;;Keine Regel aktiv;;0.0;88.0;0.0;;;22.7;43.4;27.4
2026-09-14 00:44:22;AUS;;Keine Regel aktiv;;0.0;88.0;0.0;;;22.7;43.4;27.4
2026-09-14 00:49:30;AUS;;Keine Regel aktiv;;0.0;88.0;0.0;;;22.7;43.2;27.4
2026-09-14 00:54:35;AUS;;Keine Regel aktiv;;0.0;88.0;0.0;;;22.8;43.2;27.4
2026-09-14 00:59:43;AUS;;Keine Regel aktiv;;0.0;88.0;0.0;;;22.8;43.1;27.4
2026-09-14 01:04:48;AUS;;Keine Regel aktiv;;0.0;88.0;0.0;;;22.7;43.0;27.4
2026-09-14 01:09:56;AUS;;Keine Regel aktiv;;0.0;88.0;0.0;;;22.8;42.9;27.4
2026-09-14 01:15:01;AUS;;Keine Regel aktiv;;0.0;88.0;0.0;;;22.8;42.8;27.4
2026-09-14 01:20:10;AUS;;Keine Regel aktiv;;0.0;88.0;0.0;;;22.8;42.8;27.4
2026-09-14 01:25:18;AUS;;Keine Regel aktiv;;0.0;88.0;0.0;;;22.7;42.6;27.4
2026-09-14 01:30:23;AUS;;Keine Regel aktiv;;0.0;88.0;0.0;;;22.8;42.6;27.4
2026-09-14 01:35:33;AUS;;Keine Regel aktiv;;0.0;88.0;0.0;;;22.8;42.4;27.3
2026-09-14 01:40:41;AUS;;Keine Regel aktiv;;0.0;88.0;0.0;;;22.8;42.4;27.3
2026-09-14 01:45:49;AUS;;Keine Regel aktiv;;0.0;88.0;0.0;;;22.8;42.3;27.3
2026-09-14 01:50:54;AUS;;Keine Regel aktiv;;0.0;88.0;0.0;;;22.8;42.2;27.3
2026-09-14 01:56:02;AUS;;Keine Regel aktiv;;0.0;88.0;0.0;;;22.8;42.2;27.3
2026-09-14 02:01:10;AUS;;Keine Regel aktiv;;0.0;88.0;0.0;;;22.8;42.1;27.3
2026-09-14 02:06:15;AUS;;Keine Regel aktiv;;0.0;88.0;0.0;;;22.8;42.0;27.2
2026-09-14 02:11:20;AUS;;Keine Regel aktiv;;0.0;88.0;0.0;;;22.8;41.9;27.2
2026-09-14 02:16:29;AUS;;Keine Regel aktiv;;0.0;88.0;0.0;;;22.8;41.8;27.2
2026-09-14 02:21:37;AUS;;Keine Regel aktiv;;0.0;88.0;0.0;;;22.8;41.8;27.2
2026-09-14 02:26:42;AUS;;Keine Regel aktiv;;0.0;88.0;0.0;;;22.8;41.7;27.2
2026-09-14 02:31:50;AUS;;Keine Regel aktiv;;0.0;88.0;0.0;;;22.8;41.6;27.2
2026-09-14 02:36:55;AUS;;Keine Regel aktiv;;0.0;88.0;0.0;;;22.8;41.6;27.2
2026-09-14 02:42:04;AUS;;Keine Regel aktiv;;0.0;88.0;0.0;;;22.8;41.4;27.2
2026-09-14 02:47:09;AUS;;Keine Regel aktiv;;0.0;88.0;0.0;;;22.8;41.4;27.2
2026-09-14 02:52:18;AUS;;Keine Regel aktiv;;0.0;88.0;0.0;;;22.8;41.3;27.2
2026-09-14 02:57:26;AUS;;Keine Regel aktiv;;0.0;88.0;0.0;;;22.8;41.2;27.2
2026-09-14 03:02:32;AUS;;Keine Regel aktiv;;0.0;88.0;0.0;;;22.8;41.2;27.2
2026-09-14 03:07:41;AUS;;Keine Regel aktiv;;0.0;88.0;0.0;;;22.8;41.1;27.2
2026-09-14 03:12:51;AUS;;Keine Regel aktiv;;0.0;88.0;0.0;;;22.8;41.1;27.2
2026-09-14 03:18:00;AUS;;Keine Regel aktiv;;0.0;88.0;0.0;;;22.8;40.9;27.2
2026-09-14 03:23:09;AUS;;Keine Regel aktiv;;0.0;88.0;0.0;;;22.8;40.9;27.2
2026-09-14 03:28:18;AUS;;Keine Regel aktiv;;0.0;88.0;0.0;;;22.8;40.9;27.2
2026-09-14 03:33:27;AUS;;Keine Regel aktiv;;0.0;88.0;0.0;;;22.8;40.8;27.1
2026-09-14 03:38:36;AUS;;Keine Regel aktiv;;0.0;88.0;0.0;;;22.8;40.8;27.1
2026-09-14 03:43:44;AUS;;Keine Regel aktiv;;0.0;88.0;0.0;;;22.8;40.7;27.2
2026-09-14 03:48:50;AUS;;Keine Regel aktiv;;0.0;88.0;0.0;;;22.8;40.6;27.1
2026-09-14 03:53:59;AUS;;Keine Regel aktiv;;0.0;88.0;0.0;;;22.8;40.5;27.1
2026-09-14 03:59:04;AUS;;Keine Regel aktiv;;0.0;88.0;0.0;;;22.8;40.4;27.1
2026-09-14 04:04:13;AUS;;Keine Regel aktiv;;0.0;88.0;0.0;;;22.8;40.4;27.1
2026-09-14 04:09:22;AUS;;Keine Regel aktiv;;0.0;88.0;0.0;;;22.9;40.4;27.1
2026-09-14 04:14:29;AUS;;Keine Regel aktiv;;0.0;88.0;0.0;;;22.8;40.3;27.1
2026-09-14 04:19:38;AUS;;Keine Regel aktiv;;0.0;88.0;0.0;;;22.9;40.2;27.1
2026-09-14 04:24:47;AUS;;Keine Regel aktiv;;0.0;88.0;0.0;;;22.9;40.2;27.1
2026-09-14 04:29:57;AUS;;Keine Regel aktiv;;0.0;88.0;0.0;;;22.8;40.1;27.1
2026-09-14 04:35:03;AUS;;Keine Regel aktiv;;0.0;88.0;0.0;;;22.9;40.1;27.1
2026-09-14 04:40:12;AUS;;Keine Regel aktiv;;0.0;88.0;0.0;;;22.9;40.0;27.1
2026-09-14 04:45:20;AUS;;Keine Regel aktiv;;0.0;88.0;0.0;;;22.9;39.9;27.1
2026-09-14 04:50:29;AUS;;Keine Regel aktiv;;0.0;88.0;0.0;;;22.8;39.9;27.1
2026-09-14 04:55:34;AUS;;Keine Regel aktiv;;0.0;88.0;0.0;;;22.9;39.8;27.1
2026-09-14 05:00:42;AUS;;Keine Regel aktiv;;0.0;88.0;0.0;;;22.9;39.8;27.1
2026-09-14 05:05:51;AUS;;Keine Regel aktiv;;0.0;88.0;0.0;;;22.9;39.8;27.1
2026-09-14 05:10:57;AUS;;Keine Regel aktiv;;0.0;88.0;0.0;;;22.9;39.7;27.0
2026-09-14 05:16:06;AUS;;Keine Regel aktiv;;0.0;88.0;0.0;;;22.9;39.6;27.0
2026-09-14 05:21:11;AUS;;Keine Regel aktiv;;0.0;88.0;0.0;;;22.9;39.6;27.0
2026-09-14 05:26:19;AUS;;Keine Regel aktiv;;0.0;88.0;0.0;;;22.9;39.5;27.0
2026-09-14 05:31:27;AUS;;Keine Regel aktiv;;0.0;88.0;0.0;;;22.9;39.4;27.0
2026-09-14 05:36:32;AUS;;Keine Regel aktiv;;0.0;88.0;0.0;;;22.9;39.4;27.0
2026-09-14 05:41:41;AUS;;Keine Regel aktiv;;0.0;88.0;0.0;;;22.9;39.4;27.0
2026-09-14 05:46:46;AUS;;Keine Regel aktiv;;0.0;88.0;0.0;;;22.9;39.3;27.0
2026-09-14 05:51:55;AUS;;Keine Regel aktiv;;0.0;88.0;0.0;;;22.9;39.3;27.0
2026-09-14 05:57:03;AUS;;Keine Regel aktiv;;0.0;88.0;0.0;;;22.9;39.2;27.0
2026-09-14 06:02:08;AUS;;Keine Regel aktiv;;0.0;88.0;0.0;;;22.9;39.2;26.9
2026-09-14 06:07:18;AUS;;Keine Regel aktiv;;0.0;88.0;0.0;;;22.9;39.1;26.9
2026-09-14 06:12:26;AUS;;Keine Regel aktiv;;0.0;88.0;0.0;;;22.8;39.1;26.9
2026-09-14 06:17:35;AUS;;Keine Regel aktiv;;0.0;88.0;0.0;;;22.8;39.1;26.9
2026-09-14 06:22:41;AUS;;Keine Regel aktiv;;0.0;88.0;0.0;;;22.6;39.0;26.8
2026-09-14 06:27:49;AUS;;Keine Regel aktiv;;0.0;88.0;0.0;;;22.6;38.9;26.7
2026-09-14 06:32:58;AUS;;Keine Regel aktiv;;0.0;88.0;0.0;;;22.6;38.8;26.7
2026-09-14 06:38:03;AUS;;Keine Regel aktiv;;0.0;88.0;0.0;;;22.6;38.8;26.7
2026-09-14 06:43:12;AUS;;Keine Regel aktiv;;0.0;88.0;0.0;;;22.5;38.7;26.6
2026-09-14 06:48:21;AUS;;Keine Regel aktiv;;0.0;88.0;0.0;;;22.4;38.6;26.6
2026-09-14 06:53:27;AUS;;Keine Regel aktiv;;0.0;88.0;0.0;;;22.4;38.5;26.5
2026-09-14 06:58:35;AUS;;Keine Regel aktiv;;0.0;88.0;0.0;;;22.4;38.4;26.6
2026-09-14 07:03:43;AUS;;Keine Regel aktiv;;0.0;88.0;0.0;;;22.4;38.3;26.5
2026-09-14 07:08:48;AUS;;Keine Regel aktiv;;0.0;88.0;0.0;;;22.4;38.2;26.5
2026-09-14 07:13:57;AUS;;Keine Regel aktiv;;0.0;88.0;0.0;;;22.4;38.2;26.5
2026-09-14 07:19:05;AUS;;Keine Regel aktiv;;0.0;88.0;0.0;;;22.4;38.1;26.5
2026-09-14 07:24:10;AUS;;Keine Regel aktiv;;0.0;88.0;0.0;;;22.4;38.1;26.5
2026-09-14 07:29:18;AUS;;Keine Regel aktiv;;0.0;88.0;0.0;;;22.4;38.0;26.5
2026-09-14 07:34:24;AUS;;Keine Regel aktiv;;0.0;88.0;0.0;;;22.4;37.9;26.4
2026-09-14 07:39:32;AUS;;Keine Regel aktiv;;0.0;88.0;0.0;;;22.4;37.9;26.4
2026-09-14 07:44:40;AUS;;Keine Regel aktiv;;0.0;88.0;0.0;;;22.4;37.8;26.5
2026-09-14 07:49:46;AUS;;Keine Regel aktiv;;0.0;88.0;0.0;;;22.4;37.8;26.4
2026-09-14 07:54:54;AUS;;Keine Regel aktiv;;0.0;88.0;0.0;;;22.4;37.7;26.4
2026-09-14 08:00:04;AUS;Abweichung;Keine Regel aktiv;;0.0;66.0;0.0;;44.0;22.4;37.6;26.4
2026-09-14 08:05:09;EIN;Abweichung;Abweichung;;0.0;66.0;0.0;;44.0;23.0;37.6;26.4
2026-09-14 08:10:17;EIN;Abweichung;Abweichung;;0.0;67.0;0.0;;44.0;24.6;37.5;26.4
2026-09-14 08:15:23;EIN;Abweichung;Abweichung;;0.0;67.0;0.0;;44.0;25.9;37.4;26.7
2026-09-14 08:20:32;EIN;Abweichung;Abweichung;;0.0;67.0;0.0;;44.0;26.9;37.4;27.3
2026-09-14 08:25:40;EIN;Abweichung;Abweichung;;0.0;67.0;0.0;;44.0;27.6;37.3;27.9
2026-09-14 08:30:45;EIN;Abweichung;Abweichung;;0.0;68.0;0.0;;44.0;28.3;37.3;28.5
2026-09-14 08:35:53;EIN;Abweichung;Abweichung;;0.0;68.0;0.0;;44.0;28.8;37.2;29.1
2026-09-14 08:41:02;EIN;Komfort;Abweichung;;73.0;68.0;73.0;5.0;44.0;29.4;37.2;29.6
2026-09-14 08:46:07;EIN;Abweichung;Komfort;;0.0;68.0;0.0;;44.0;29.9;37.1;30.1
2026-09-14 08:51:15;EIN;Abweichung;Abweichung;;0.0;68.0;0.0;;44.0;30.4;37.1;30.6
2026-09-14 08:56:20;EIN;Abweichung;Abweichung;;0.0;68.0;0.0;;44.0;30.9;37.1;31.1
2026-09-14 09:01:28;EIN;Abweichung;Abweichung;;0.0;68.0;0.0;;44.0;31.4;37.0;31.6
2026-09-14 09:06:34;EIN;Abweichung;Abweichung;;0.0;68.0;0.0;;44.0;31.9;36.9;32.0
2026-09-14 09:11:43;EIN;Abweichung;Abweichung;;0.0;68.0;0.0;;44.0;32.4;36.9;32.4
2026-09-14 09:16:53;EIN;Abweichung;Abweichung;;0.0;69.0;0.0;;44.0;32.8;36.8;32.9
2026-09-14 09:22:03;EIN;Abweichung;Abweichung;;0.0;69.0;0.0;;44.0;33.2;36.8;33.4
2026-09-14 09:27:12;EIN;Abweichung;Abweichung;;0.0;69.0;0.0;;44.0;33.6;36.6;33.8
2026-09-14 09:32:20;EIN;Abweichung;Abweichung;;0.0;70.0;0.0;;44.0;34.1;36.2;34.2
2026-09-14 09:37:28;EIN;Notfallschutz;Notfallschutz;;0.0;70.0;0.0;;44.0;34.5;35.5;34.5
2026-09-14 09:42:33;EIN;Notfallschutz;Notfallschutz;;0.0;71.0;0.0;;44.0;34.8;35.7;34.8
2026-09-14 09:47:42;EIN;Notfallschutz;Notfallschutz;;0.0;72.0;0.0;;44.0;35.1;35.8;35.2
2026-09-14 09:52:47;EIN;Abweichung;Abweichung;;0.0;73.0;0.0;;44.0;35.5;36.2;35.6
2026-09-14 09:57:55;EIN;Abweichung;Abweichung;;0.0;74.0;0.0;;44.0;35.8;36.6;35.8
2026-09-14 10:03:03;AUS;;Keine Regel aktiv;;0.0;76.0;0.0;;44.0;36.2;36.9;36.2
2026-09-14 10:08:08;EIN;Abweichung;Abweichung;;0.0;77.0;0.0;;44.0;35.9;36.9;36.3
2026-09-14 10:13:17;EIN;;Keine Regel aktiv;Keine Regel aktiv, warte auf Mindestlaufzeit (noch 7m);0.0;78.0;0.0;;44.0;36.4;37.2;36.5
2026-09-14 10:18:25;EIN;;Keine Regel aktiv;Keine Regel aktiv, warte auf Mindestlaufzeit (noch 2m);0.0;80.0;0.0;;44.0;36.6;37.4;36.8
2026-09-14 10:23:31;AUS;;Keine Regel aktiv;;0.0;81.0;0.0;;44.0;36.8;37.8;37.1
2026-09-14 10:28:39;AUS;;Keine Regel aktiv;;0.0;83.0;0.0;;44.0;36.5;37.8;37.2
2026-09-14 10:33:47;AUS;AdaptivePV;Keine Regel aktiv;;1336.0;86.0;1336.0;5.0;44.0;36.3;37.8;37.2
2026-09-14 10:38:53;EIN;AdaptivePV;AdaptivePV;;267.0;89.0;267.0;5.0;44.0;36.9;38.0;37.2
2026-09-14 10:43:58;EIN;AdaptivePV;AdaptivePV;;4789.0;90.0;4789.0;5.0;44.0;37.3;38.1;37.6
2026-09-14 10:49:07;EIN;AdaptivePV;AdaptivePV;;4389.0;90.0;4389.0;5.0;44.0;37.5;38.4;37.9
2026-09-14 10:54:13;EIN;AdaptivePV;AdaptivePV;;5934.0;90.0;5934.0;5.0;44.0;37.6;38.8;38.1
2026-09-14 10:59:22;EIN;AdaptivePV;AdaptivePV;;3215.0;90.0;3215.0;5.0;44.0;38.1;39.1;38.4
2026-09-14 11:04:30;EIN;Einspeisung;AdaptivePV;;7568.0;90.0;7568.0;5.0;44.0;38.4;39.3;38.8
2026-09-14 11:09:35;EIN;AdaptivePV;Einspeisung;;6321.0;90.0;6321.0;5.0;44.0;38.8;39.6;39.1
2026-09-14 11:14:44;EIN;Einspeisung;AdaptivePV;;7690.0;90.0;7690.0;5.0;44.0;38.9;39.9;39.4
2026-09-14 11:19:52;EIN;Batterie;Einspeisung;;144.0;89.0;144.0;5.0;44.0;39.2;40.2;39.6
2026-09-14 11:24:57;EIN;AdaptivePV;Batterie;;150.0;89.0;150.0;5.0;44.0;39.6;40.4;39.9
2026-09-14 11:30:05;EIN;Batterie;AdaptivePV;;0.0;89.0;0.0;;44.0;39.4;40.8;40.2
2026-09-14 11:35:15;EIN;AdaptivePV;Batterie;;1521.0;90.0;1521.0;5.0;44.0;39.6;41.0;40.4
2026-09-14 11:40:20;EIN;AdaptivePV;AdaptivePV;;2641.0;90.0;2641.0;5.0;44.0;40.1;41.2;40.7
2026-09-14 11:45:29;EIN;AdaptivePV;AdaptivePV;;6494.0;90.0;6494.0;5.0;44.0;40.5;41.5;41.0
2026-09-14 11:50:37;EIN;AdaptivePV;AdaptivePV;;4699.0;90.0;4699.0;5.0;44.0;40.9;41.8;41.2
2026-09-14 11:55:42;EIN;Batterie;AdaptivePV;;0.0;89.0;0.0;;44.0;41.2;42.1;41.6
2026-09-14 12:00:51;EIN;Einspeisung;Batterie;;7569.0;90.0;7569.0;5.0;44.0;41.6;42.2;41.9
2026-09-14 12:06:00;EIN;AdaptivePV;Einspeisung;;2143.0;90.0;2143.0;5.0;44.0;42.0;42.6;42.2
2026-09-14 12:11:09;EIN;AdaptivePV;AdaptivePV;;823.0;90.0;823.0;5.0;44.0;42.3;43.0;42.5
2026-09-14 12:16:14;EIN;Batterie;AdaptivePV;;148.0;89.0;148.0;5.0;44.0;42.6;43.3;42.9
2026-09-14 12:21:22;EIN;AdaptivePV;Batterie;;903.0;90.0;903.0;5.0;44.0;43.0;43.6;43.2
2026-09-14 12:26:29;EIN;Einspeisung;AdaptivePV;;7565.0;90.0;7565.0;5.0;44.0;43.2;43.9;43.5
2026-09-14 12:31:37;EIN;Einspeisung;Einspeisung;;7566.0;90.0;7566.0;5.0;44.0;43.7;44.2;43.8
2026-09-14 12:36:42;EIN;Einspeisung;Einspeisung;;7567.0;90.0;7567.0;5.0;44.0;43.9;44.5;44.2
2026-09-14 12:41:50;EIN;Einspeisung;Einspeisung;;7570.0;90.0;7570.0;;44.0;44.3;44.9;44.4
2026-09-14 12:46:58;EIN;Einspeisung;Einspeisung;;7568.0;90.0;7568.0;;44.0;44.6;45.1;44.8
2026-09-14 12:52:03;EIN;Einspeisung;Einspeisung;;6966.0;90.0;6966.0;;44.0;45.0;45.4;45.1
2026-09-14 12:57:11;EIN;Einspeisung;Einspeisung;;7571.0;90.0;7571.0;;44.0;45.2;45.8;45.4
2026-09-14 13:02:20;EIN;Einspeisung;Einspeisung;;7565.0;90.0;7565.0;;44.0;45.5;46.1;45.7
2026-09-14 13:07:25;EIN;Einspeisung;Einspeisung;;7578.0;90.0;7578.0;;44.0;45.9;46.4;45.9
2026-09-14 13:12:33;EIN;Einspeisung;Einspeisung;;7558.0;90.0;7558.0;;44.0;46.1;46.7;46.3
2026-09-14 13:17:38;EIN;Einspeisung;Einspeisung;;7569.0;90.0;7569.0;;44.0;46.5;46.9;46.6
2026-09-14 13:22:46;EIN;Einspeisung;Einspeisung;;7558.0;90.0;7558.0;;44.0;46.7;47.2;46.9
2026-09-14 13:27:52;EIN;Einspeisung;Einspeisung;;6803.0;90.0;6803.0;;44.0;47.0;47.6;47.2
2026-09-14 13:33:00;EIN;Einspeisung;Einspeisung;;7568.0;90.0;7568.0;;44.0;47.3;47.8;47.5
2026-09-14 13:38:09;EIN;Einspeisung;Einspeisung;;7582.0;90.0;7582.0;;44.0;47.7;48.2;47.8
2026-09-14 13:43:15;EIN;Einspeisung;Einspeisung;;7535.0;90.0;7535.0;;44.0;47.9;48.4;48.1
2026-09-14 13:48:24;AUS;Batterie;Einspeisung;Boiler-Max-Naehe (unten 47.9C, mittig 48.3C, Einschalten ers;7535.0;90.0;5233.0;;44.0;47.9;48.7;48.3
2026-09-14 13:53:26;AUS;Batterie;Batterie;Boiler-Max-Naehe (unten 47.7C, mittig 48.2C, Einschalten ers;7535.0;90.0;2910.0;;44.0;47.7;48.7;48.2
2026-09-14 13:58:31;AUS;Batterie;Batterie;Boiler-Max-Naehe (unten 47.4C, mittig 48.2C, Einschalten ers;7535.0;90.0;3178.0;;44.0;47.4;48.7;48.2
2026-09-14 14:03:39;AUS;Batterie;Batterie;Boiler-Max-Naehe (unten 47.2C, mittig 48.2C, Einschalten ers;7535.0;90.0;7119.0;;44.0;47.2;48.8;48.2
2026-09-14 14:08:49;AUS;Komfort;Komfort;Boiler-Max-Naehe (unten 46.9C, mittig 48.2C, Einschalten ers;7535.0;90.0;4532.0;;44.0;46.9;48.8;48.2
2026-09-14 14:13:55;AUS;Komfort;Komfort;Boiler-Max-Naehe (unten 46.7C, mittig 48.2C, Einschalten ers;7535.0;90.0;3359.0;;44.0;46.7;48.8;48.2
2026-09-14 14:19:05;AUS;Komfort;Komfort;Boiler-Max-Naehe (unten 46.4C, mittig 48.2C, Einschalten ers;7535.0;90.0;2730.0;;44.0;46.4;48.7;48.2
2026-09-14 14:24:14;AUS;Einspeisung;Komfort;Boiler-Max-Naehe (unten 46.1C, mittig 48.2C, Einschalten ers;7535.0;90.0;7588.0;;44.0;46.1;48.7;48.2
2026-09-14 14:29:23;EIN;Einspeisung;Einspeisung;;7573.0;90.0;7573.0;;44.0;46.2;48.7;48.2
2026-09-14 14:34:28;EIN;Einspeisung;Einspeisung;;7568.0;90.0;7568.0;;44.0;47.8;48.8;48.3
2026-09-14 14:39:39;AUS;Einspeisung;Einspeisung;Min. Pause (noch 0m 31s);7568.0;90.0;7570.0;;44.0;45.2;48.9;48.6
2026-09-14 14:43:26;AUS;Einspeisung;;;7570.0;90.0;7570.0;;44.0;44.6;49.0;48.6
2026-09-14 14:48:32;EIN;Einspeisung;Einspeisung;;7568.0;90.0;7568.0;;44.0;44.6;49.0;48.6
